period;income_EUR;consumption_EUR;consumptionRate_EUR;saving_EUR;savingRate_EUR;wage_EUR;dividend_EUR;governmentTransfers_EUR;budget_EUR;labourHourCapacity_EUR;retiredHouseholds_EUR;utility_EUR;utilityInput_COTTON_EUR;utilityInput_KILOWATT_EUR;utilityInput_WHEAT_EUR;utilityInput_REALESTATE_EUR;utilityInput_CLOTHING_EUR;utilityInput_LABOURHOUR_EUR;utilityInput_IRON_EUR;utilityInput_FOOD_EUR;utilityInput_COAL_EUR;incomeSource_DIVIDEND_EUR;incomeSource_TRANSFERS_EUR;incomeSource_WAGE_EUR;incomeDistribution_quantil5Percent_EUR;incomeDistribution_quantil50Percent_EUR;incomeDistribution_quantil95Percent_EUR;incomeDistribution_quantil99Percent_EUR;incomeDistribution_yTotalSum_EUR;incomeDistribution_incomeAt10PercentY_EUR;incomeDistribution_incomeAt50PercentY_EUR;incomeDistribution_incomeAt90PercentY_EUR;income_USD;consumption_USD;consumptionRate_USD;saving_USD;savingRate_USD;wage_USD;dividend_USD;governmentTransfers_USD;budget_USD;labourHourCapacity_USD;retiredHouseholds_USD;utility_USD;utilityInput_COTTON_USD;utilityInput_KILOWATT_USD;utilityInput_WHEAT_USD;utilityInput_REALESTATE_USD;utilityInput_CLOTHING_USD;utilityInput_LABOURHOUR_USD;utilityInput_IRON_USD;utilityInput_FOOD_USD;utilityInput_COAL_USD;incomeSource_DIVIDEND_USD;incomeSource_TRANSFERS_USD;incomeSource_WAGE_USD;incomeDistribution_quantil5Percent_USD;incomeDistribution_quantil50Percent_USD;incomeDistribution_quantil95Percent_USD;incomeDistribution_quantil99Percent_USD;incomeDistribution_yTotalSum_USD;incomeDistribution_incomeAt10PercentY_USD;incomeDistribution_incomeAt50PercentY_USD;incomeDistribution_incomeAt90PercentY_USD;income_YEN;consumption_YEN;consumptionRate_YEN;saving_YEN;savingRate_YEN;wage_YEN;dividend_YEN;governmentTransfers_YEN;budget_YEN;labourHourCapacity_YEN;retiredHouseholds_YEN;utility_YEN;utilityInput_COTTON_YEN;utilityInput_KILOWATT_YEN;utilityInput_WHEAT_YEN;utilityInput_REALESTATE_YEN;utilityInput_CLOTHING_YEN;utilityInput_LABOURHOUR_YEN;utilityInput_IRON_YEN;utilityInput_FOOD_YEN;utilityInput_COAL_YEN;incomeSource_DIVIDEND_YEN;incomeSource_TRANSFERS_YEN;incomeSource_WAGE_YEN;incomeDistribution_quantil5Percent_YEN;incomeDistribution_quantil50Percent_YEN;incomeDistribution_quantil95Percent_YEN;incomeDistribution_quantil99Percent_YEN;incomeDistribution_yTotalSum_YEN;incomeDistribution_incomeAt10PercentY_YEN;incomeDistribution_incomeAt50PercentY_YEN;incomeDistribution_incomeAt90PercentY_YEN
2001-02-04;503421.620550853;503421.620550853;1;0;0;207597.070408947;232302.133539462;0;0;32400;0;4946.85818564285;17375.090879792;7.81061802077115;18633.8461173459;4.50489016485816;12.716817973164;2618.92147687212;15522.4048072513;19.452230760897;17085.1571256075;0.486857568187625;0;0.513142431812375;80.0506408620868;240.469895119635;506.055449713095;609.850819897141;536543.637227834;166.748025257826;325.872520912565;506.88483322735;542214.702438068;542214.702438068;1;0;0;237655.139143447;264916.078269772;0;0;32448;0;5170.78836075376;18033.7341609914;14.888725666377;17550.1808863083;10.4556766910064;22.6891449434588;2052.47910045481;18020.0142815081;34.9647476620316;17463.7372267421;0.47845976230714;0;0.52154023769286;75.003835779511;273.776084471321;474.792723584558;544.713452153692;542214.702438067;196.043297546951;302.585081294707;474.792723468126;601524.33076245;601524.33076245;1;0;0;271166.001737174;288207.21395972;0;0;32416;0;5287.09441437223;18359.8827588784;13.7533759946689;18018.1663060559;10.2156514321249;24.1642929261458;2512.53074186741;18759.0698422947;31.2298866668872;19112.9098713893;0.47982628414098;0;0.52017371585902;111.807299812375;295.73994765856;592.309795125684;603.768544154494;601524.33076245;217.357689027414;342.957946215781;592.32938878026
2001-02-11;381127.602311703;381127.602311703;1;0;0;213419.013928148;43630.6602063908;0;0;32464;0;3269.05777477666;7025.20720062353;2.86218701873221;7519.55827532506;2.28101668032173;4.19457818157958;7233.70196306631;7668.39913660965;3.3396834236661;7301.48787948452;0.449150376244935;0;0.550849623755065;28.8528504306542;245.279164653528;331.959118134284;407.961563824974;419946.361652814;218.168170704309;250.368433277899;329.198665748829;617441.145817515;617441.145817515;1;0;0;310751.34472659;267181.47447283;0;0;32560;0;5298.8827172051;18201.7253617037;15.4747578729446;18411.7506696873;10.5309269510364;32.9009377312656;2176.75765766826;18495.8253900079;46.2358596947317;18362.1346898531;0.476123002251833;0;0.523876997748168;121.386596654223;311.60855191687;502.540241966816;588.81462283868;617441.145817515;231.315104068976;355.431689198298;499.845100872755;663228.373798224;663228.373798224;1;0;0;290297.722546348;330611.385616916;0;0;32464;0;5305.32601372633;18878.0141793038;17.7738727977997;17878.583452264;10.9081920056076;29.3924176253052;2486.27907766313;18344.9936082824;43.5128970556578;18618.6364638215;0.478536845483444;0;0.521463154516556;111.395353157701;334.179437157398;532.987663373724;588.199316990554;663228.373798223;234.598913648277;386.113170019364;532.97941553752
2001-02-18;314370.625005929;314370.625005929;1;0;0;145718.71196426;127091.05951162;0;0;32544;0;2899.14143175642;5474.56757570907;2.22785790503015;5402.87174546519;1.56775382580278;2.83255066091432;2724.66089462232;5446.59967514091;5.49449098534141;5078.7889992821;0.441224002332424;0;0.558775997667576;16.3571235910521;98.6757681542413;332.041503290867;359.031966845141;285721.409169276;73.7920810447535;230.56748645353;354.414765947661;697719.975984132;697719.975984132;1;0;0;368733.156938239;282546.111612804;0;0;32576;0;5273.62711414301;18640.9586298634;20.123469131766;17685.0593674486;11.070037434799;34.2238285934585;2476.08668873122;18976.0315794286;56.7393531471833;18129.7965221104;0.474880684048453;0;0.525119315951547;30.7460935008668;369.195601522098;525.77337803295;604.715395100777;697719.975984131;259.614219608808;399.522247898807;524.373936674879;738103.807692784;738103.807692784;1;0;0;332696.576584555;350324.393990305;0;0;32608;0;5246.08560779373;17729.5690997965;17.4827759920737;18140.8342819114;9.75488997691434;34.9948488162688;2877.67453522458;17593.366763755;50.8126509575271;18206.5362029021;0.478185610775608;0;0.521814389224392;88.5069279560444;356.573625568534;650.478977202269;816.799567653944;738103.807692783;236.817336264617;431.2985934229;650.580236679887
2001-02-25;387400.699136421;387400.699136421;1;0;0;167126.19911565;177328.294944684;0;0;32592;0;3297.74064537059;6697.06278875411;1.52075624283246;6191.46963406571;3.46944695195361E-18;1.93362783287728;3986.0099417717;6571.30482656984;6.27009767629966;6904.66808536242;0.441644940877935;0;0.558355059122065;17.5476866012102;177.904384323845;372.433275544392;393.445839116233;359468.632506823;102.979385947985;248.89668322382;374.256167905642;602449.494205551;602449.494205551;1;0;0;224605.695705454;324722.490841026;0;0;32688;0;4654.8338180252;14164.545326028;21.6626653183141;14799.762836351;14.1073541359968;26.8330142332619;2243.17857527875;14476.146656025;38.0046892641619;14164.8470258807;0.479583037910176;0;0.520416962089824;22.650054751545;272.406699182086;532.826295609239;689.432611558333;602449.494205551;179.106723837323;386.44826473868;532.826791640036;631096.708315713;631096.708315713;1;0;0;238730.193641405;337066.428351951;0;0;32704;0;4633.38379273619;13761.3331974868;19.1574431899234;14733.8025602201;12.4231807687578;29.2487850870703;2567.71259617869;13137.7104103537;37.9485685791606;13775.6354408577;0.484796228752586;0;0.515203771247414;47.2301896846474;277.93261076874;626.788159520584;637.265077921381;631096.708315712;224.351720050627;390.037392898696;626.872522289883
2001-03-04;546961.897571827;546961.897571827;1;0;0;210601.174453686;175814.018784153;0;0;32672;0;3847.37208948294;7608.96053207782;2.59270860431972;7624.58507854497;9.23297861778573E-128;3.76816514418438;7054.76859359556;7755.44363410674;9.85439092040146;7631.64286499931;0.447631850591734;0;0.552368149408266;96.4258294333206;259.834465096861;396.250635237929;408.477890417179;504000.805303768;152.617307118359;297.653797034955;395.940743876612;635371.190824235;635371.190824235;1;0;0;260178.393278274;333180.970633065;0;0;32752;0;4706.45586649502;14393.4533881801;19.2627874280762;14534.4714676862;13.6798918338556;30.5848228869995;2465.08101909894;14681.7040821613;37.6177571779546;14250.8930844801;0.484731693743726;0;0.515268306256275;29.8220888296061;310.443118789443;564.341505772973;605.451163388556;635371.190824235;242.140999817225;382.076135618004;564.341505761064;647534.382286574;647534.382286574;1;0;0;316812.134738789;275935.945299188;0;0;32752;0;4580.93741515644;13055.2108441683;18.4645225717543;14103.4371380638;13.6258404436532;26.4301810221736;2743.20030947667;14166.6861024005;39.1035555174976;13443.5865406182;0.491908871262193;0;0.508091128737807;27.1517642287392;321.368164966396;541.668830251693;636.438360874312;647534.382286573;222.869582725823;420.003062750719;541.157748221865
2001-03-11;494229.510951723;494229.510951723;1;0;0;221729.257516836;175936.502728587;0;0;32704;0;3817.51699889764;7388.24427731772;8.56590373329607;7747.72559505388;2.4571032598866E-237;12.5242251095106;7507.98051452132;7329.97625258061;23.3844613898316;7685.33137626741;0.446885792857621;0;0.553114207142379;58.4175978591363;232.908583191386;478.413438564056;658.42189412932;534959.182967019;193.726524521585;303.490060532259;513.053126843033;573968.635503018;573968.635503018;1;0;0;241580.363981327;277296.886432951;0;0;32800;0;4354.15628986424;13001.0345105983;19.3848187240361;12926.9757400697;10.7998931406515;25.3037473149774;2288.26222901885;13273.3793175623;37.6972272374298;12555.955198647;0.490642053533183;0;0.509357946466817;19.1796520855439;275.645019872304;522.855043289059;655.716966260405;573968.635503018;169.390710383632;386.727359120138;544.811017854894;612153.373868968;612153.373868968;1;0;0;231086.58504079;323688.658708182;0;0;32928;0;4331.33995955476;12763.7779663686;19.4210507994515;12952.5901732977;12.7869591748115;21.2558836728487;2661.73410777996;12857.9707219254;40.0440470163606;12458.7994118439;0.500282261673185;0;0.499717738326815;31.1667652458371;279.546016125262;663.215656818202;867.367288687855;612153.37386897;186.57432456416;427.453117633653;721.148542794388
2001-03-18;458676.169949554;458676.169949554;1;0;0;187085.006708466;167029.175123424;0;0;32784;0;3583.68770755507;6983.84419356661;5.02703589239473;7015.86186657498;0;7.35348897370909;6304.17277813811;7234.7283103113;9.70770832422447;6515.13423949879;0.449965638381684;0;0.550034361618316;43.1853120955104;226.979064441515;468.377480207598;566.517189045559;473995.273934941;150.339939667566;290.266522386414;486.568203639853;601529.686730868;601529.686730868;1;0;0;249399.556721682;301244.119115263;0;0;32912;0;4379.47079162615;13427.4439702363;20.2623310006029;13287.1387746074;15.8843125724859;28.1241497564665;2426.9441166876;14232.1037844361;39.6266746992828;13045.7324724076;0.495568768025064;0;0.504431231974936;18.5088379609811;274.788057839902;703.359523517242;957.332491470638;601529.686730869;205.493735737835;420.812341004091;818.931334142177;656366.578901599;656366.578901599;1;0;0;225175.364871822;368517.195939496;0;0;33008;0;4508.34570475115;13235.1818065599;16.5005404780529;14338.0720672026;14.829162441488;27.2419831484265;2858.16655967416;13692.1832515038;39.793490388124;13468.43931021;0.508334467001566;0;0.491665532998435;20.7607694271673;300.964233528198;613.839809184043;769.000745001649;656366.578901601;227.340527098377;447.953741326063;658.847234038534
2001-03-25;459724.656331166;459724.656331166;1;0;0;202201.401038774;209638.798324825;0;0;32912;0;3437.85452501122;6611.07853830303;4.88936795855954;6323.7503887387;0;5.89470953559574;5742.54073479962;6617.19842794327;8.11881362482044;7029.42773555431;0.453209107511004;0;0.546790892488996;35.8258345819611;226.652153862947;458.945599493124;516.471861971149;440415.246160862;142.306601493202;282.976460410434;458.985701607616;649731.859593149;649731.859593149;1;0;0;296885.112000793;316564.239475057;0;0;32960;0;4520.04123979245;14380.2848316928;21.7870867679291;14547.3071942203;13.2466353752967;30.8118517242839;2556.0469114482;15462.3057779922;40.4519046635571;14227.3848472433;0.500033217421304;0;0.499966782578696;18.8958565014606;274.793354195677;881.040878900582;1063.91132360391;649731.859593148;274.409218945428;416.32968584458;1029.1649824168;744763.978846109;744763.978846109;1;0;0;272443.561302232;422355.238862165;0;0;33104;0;4824.92662368504;15303.2875973366;22.8372938719694;15715.6464034842;14.8399875746443;33.9424831659876;3177.26157916363;16327.9234181918;49.8944313888208;15193.2420196628;0.51492049596037;0;0.48507950403963;24.7037503951841;319.302738295351;762.05570571267;897.711849534557;744763.978846108;231.263064671292;492.181597128342;772.596320154936
2001-04-01;460471.029933784;460471.029933784;1;0;0;179670.657654037;177566.838616037;0;0;32960;0;3518.63252016415;6812.47381902438;4.03602580350618;6793.322587972;0;5.60057741684572;5693.24238894012;6864.43886408042;7.70079840078175;7051.21109491341;0.457123278304793;0;0.542876721695207;46.3365817537241;225.266269329174;485.141681127792;752.495758466355;453323.958068081;130.882909800622;271.131480285292;576.741365694377;586713.087386069;586713.087386069;1;0;0;242357.102242799;292324.783493886;0;0;33040;0;4479.84688885782;13306.8344010803;19.4419188876628;13154.6120923052;11.9453850108421;28.6012287869831;2313.05004419344;13708.7304739479;38.029242549244;12787.7295027392;0.507841594512975;0;0.492158405487025;28.6383946591471;274.658540535232;559.33898585081;733.478951547152;586713.087386069;184.124750139382;358.918229053629;574.2326717389;576510.872535428;576510.872535428;1;0;0;184901.925448497;330739.602015984;0;0;33216;0;4286.98696395193;11933.4975438713;22.0917185877974;12193.4687487603;10.5086713330956;29.3508201329424;2474.05119323593;12486.7174660056;39.6621155074279;11832.0814640824;0.520986043544023;0;0.479013956455977;21.6197740492493;280.018980835323;561.035089985114;713.001546416637;576510.872535428;194.814855175658;327.01187197058;564.167590641801
2001-04-08;541027.099877573;541027.099877573;1;0;0;161251.459115535;335989.389149995;0;0;41008;0;4036.07236368215;7915.42774391833;6.60270980474157;7856.52830273755;0;9.93147901833898;6399.99206387136;7885.82720752973;12.7966655493221;8076.94315404857;0.465669397249992;0;0.534330602750008;8.34652599615502;206.280964199939;533.051611841723;722.408021513259;507211.634104244;131.745150402108;230.23490339899;568.321607807587;698221.680226107;698221.680226107;1;0;0;129189.9133006;529887.443424136;0;0;33136;0;4187.3637310751;16035.146216925;25.7472696282557;15631.5136521672;18.0948361373931;40.6490713083104;2779.28824204429;16395.3511512342;50.2652541388032;15427.553107358;0.520474440873252;0;0.479525559126748;1.22792761484724;274.291908064445;1194.27720872697;1545.73361024915;698221.680226107;274.39800715314;719.587324950032;1311.15848168019;843721.215479161;843721.215479161;1;0;0;116317.142000368;669789.814855934;0;0;33344;0;4548.37138534734;17596.8689604913;34.4350742553291;18125.8216945247;18.0939989217436;45.5554989197436;3603.39141967949;18400.6963001301;61.1503952380079;17509.4127251852;0.534884962728889;0;0.465115037271111;1.8960231131417;279.579841427118;1347.16361421789;1535.36724703957;843721.215479164;279.744423377227;921.968350473577;1535.27683814772
2001-04-15;512186.827953017;512186.827953017;1;0;0;89617.1977672256;271815.589090838;0;0;41104;0;3763.34008671757;8448.05008077335;11.4372212129074;8267.64048847145;0;16.8912001283395;6344.48390770543;8217.77615996614;21.6049010837973;8911.04744518406;0.488221067565864;0;0.511778932434136;1.1019217764035;97.4395694226929;827.613646523099;844.601900260158;516786.818103453;112.849122352765;509.056943129639;839.334739777008;636773.543677589;636773.543677589;1;0;0;104120.426538121;478895.449463756;0;0;33232;0;4120.31373371913;15034.0856166037;27.1182833867796;14390.9500233974;23.7060932551161;48.4580738238367;2486.01001020383;15365.8311308893;54.25674450076;14079.180205187;0.54480886210173;0;0.45519113789827;1.21741254093039;206.587305925923;999.893567311969;1113.83144026131;636773.54367759;272.131230956662;703.214257414315;1035.74580714332;750197.521968858;750197.521968858;1;0;0;87477.2791711235;595806.240620291;0;0;33424;0;3928.02637011823;15778.5562199471;42.419086057704;16461.036353501;19.5011701769655;49.4488361857645;3191.1002615377;16646.2179453964;65.0067690996944;15735.4661475532;0.559774285910668;0;0.440225714089333;0.234709082227966;56.2439579085612;1211.24046801649;2080.3399022164;750197.521968859;278.89013340347;953.740611387068;1316.08545369053
2001-04-22;549775.07720831;549775.07720831;1;0;0;130415.408481714;402712.374781795;0;0;41168;0;3627.66428436696;8249.42150760203;18.994635470905;7918.76904662243;0;28.0538308867443;5299.73639074619;7823.12820885731;33.8789645570357;9367.48352877606;0.505947617990564;0;0.494052382009436;1.28383584771608;86.3596797654502;813.568539680457;1187.3646393794;479955.160977864;98.0532452558612;490.659077983931;1177.75900176431;725046.335552872;725046.335552872;1;0;0;89791.7448185943;583006.636359441;0;0;33296;0;4351.39970626169;17565.8103611028;37.2439323817587;16418.7430256189;40.7931167974407;73.9316127960278;2719.9667487565;17954.0542697067;76.0336232833741;16146.4583251844;0.567368660485475;0;0.432631339514525;0.207135240813091;231.165146241417;1049.34556370552;1442.21798199446;725046.335552872;272.487549039162;773.114381139669;1441.7378202554;801462.569581733;801462.569581733;1;0;0;113617.542731554;626742.192703081;0;0;33504;0;4280.13330495442;17132.4158704834;65.5578977454673;18099.3843825318;27.0873560228815;64.9892882606449;3197.82903968334;18101.0814199527;89.3171542118295;17101.8728888725;0.584130829236844;0;0.415869170763156;1.37762544437955;158.715289498377;1411.80511761931;1739.23275684295;801462.569581734;277.661907713842;1123.68469851139;1623.86191380314
2001-04-29;661661.844267675;661661.844267675;1;0;0;98565.2078246968;467757.604086827;0;0;41232;0;3821.22815105518;10384.9548352468;37.3501045806221;9838.26416729871;0;61.941614767323;5802.40407345678;9878.41792122298;81.3336386451041;12665.8449792334;0.526273081068951;0;0.473726918931049;0.42695367200828;102.453991069836;1213.04339755434;2034.12259999893;582475.504330627;141.474039237292;1072.79716709411;2034.11983546535;722498.91922405;722498.91922405;1;0;0;136251.821744761;535345.606132833;0;0;33456;0;4291.59669721815;17969.9554854932;47.5258316518371;16554.8834998416;67.7106096467778;104.502252807118;2636.87895144433;18159.383229393;97.666389529185;16224.0517781316;0.585532907107313;0;0.414467092892687;1.00781055735451;202.155508090551;1434.17037761361;2161.76279592005;722498.91922405;271.320269572947;782.76681501664;2156.79538029017;805235.157595874;805235.157595874;1;0;0;164336.813739833;584600.90129576;0;0;33568;0;4680.67471847001;17575.0637366047;98.4275726472764;18424.4472993362;39.5580745941235;80.7421906811461;3179.91705263005;18380.5390212309;122.846590037998;17494.4673152309;0.601198410631615;0;0.398801589368385;1.31265137633346;276.66520040819;1260.36286801973;1512.37190902303;805235.157595875;276.386320880614;772.358906393271;1453.1734936195
2001-05-06;783029.716020633;783029.716020633;1;0;0;152571.571846323;572531.651978903;0;0;41280;0;4965.84669588477;14788.264025533;70.7108616374813;13526.0388428459;0;96.2958761062903;7212.66548996165;13668.7901084456;140.591051506802;18417.2845221316;0.549891135918835;0;0.450108864081165;3.63153401542725;216.150164427957;1044.51970224357;1182.06745882273;765418.643161862;216.150153894119;546.340853405562;1083.91055658122;465636.99454288;465636.99454288;1;0;0;158152.939614394;270152.835564815;0;0;33584;0;3529.10679278205;11882.7232337015;39.9600360366277;10715.1957524133;78.0024519249094;95.1352566448673;1647.59702278612;11969.2809496031;81.9686934427949;10521.0444396079;0.59743292581461;0;0.402567074185391;0.462833903529921;89.1166842378709;698.876518077564;1342.37044480474;465636.99454288;194.103435269045;523.20638927413;1187.92506836559;831642.468962234;831642.468962234;1;0;0;109590.818093919;672233.543516536;0;0;33584;0;4618.5408520365;18392.9825793232;161.50645729362;19360.3214194234;63.4241904587779;101.865338337835;3142.48940500277;19076.8180186648;177.729361279214;18476.5821165076;0.614837257005917;0;0.385162742994083;1.62198519794172;264.794061949414;1277.74929795011;1967.1442176214;831642.468962236;275.766018084747;999.25169766165;1568.40576726488
2001-05-13;793951.273117971;793951.273117971;1;0;0;160382.516579182;543910.762438266;0;0;41344;0;5191.00929120514;15781.5168042554;101.591671517841;13567.5390286316;0;100.907201490584;6481.32222270978;14259.005872686;166.689234182367;19930.0096176467;0.569470430469602;0;0.430529569530398;3.49222106371168;213.791585599381;807.289063459446;1301.84632883239;749387.467430269;184.81745869416;626.148135227089;1284.20119559596;605810.924525732;605810.924525732;1;0;0;141905.570545557;434663.451342751;0;0;33648;0;4207.03738837387;15927.2555842367;69.3851528555772;14013.7157288957;157.776596916318;191.789556206499;2051.80700009445;15697.8310628487;137.315810534559;13868.9605812252;0.610213930200036;0;0.389786069799964;0.0540855216635955;260.886555759073;1009.15149773702;1329.08152897099;605810.924525733;269.822151759961;593.645858651957;1074.65309494722;907824.026630781;907824.026630781;1;0;0;128688.284031027;745666.871223124;0;0;33664;0;4618.06387726161;20411.7229551632;254.429040276823;21439.6574532601;105.990487809405;135.686963061587;3359.18566096588;21032.6169843839;277.003094479415;20588.8398593377;0.625996096723321;0;0.37400390327668;1.04947608273628;193.018457964108;1629.60089806816;2137.73354555922;907824.026630782;274.722515952163;1384.34466922223;1667.24487494084
2001-05-20;687245.507588866;687245.507588866;1;0;0;149032.878981764;487416.348872588;0;0;41392;0;4646.53584658054;14624.8032631745;122.114283251776;11838.4071517398;0;101.056926396567;5012.62196748229;13200.4541268898;147.970847861089;18437.3749023806;0.584683358439707;0;0.415316641560293;2.35103961410697;180.261208307237;1055.45934895643;1436.89927347104;636129.027213775;211.935686645657;548.084757618521;1318.55028717079;656933.266029689;656933.266029689;1;0;0;152207.312607113;470584.123541392;0;0;33776;0;4309.02562792926;17922.6218300088;100.941066368472;15394.2232398681;108.054377266718;281.178959236847;2182.08499179302;17120.6866223897;193.759728759156;15435.4520377741;0.620130577922604;0;0.379869422077397;0.0494867194815215;177.551186904124;1000.28829104887;1096.44917324309;656933.266029689;242.724474492594;768.628824035573;1000.31058879479;518928.334310177;518928.334310177;1;0;0;104342.778076407;378409.802591124;0;0;33728;0;3798.64690895804;11984.6215629645;129.994791612239;12439.6230353367;102.937328961141;94.4226579851877;1849.52647176347;12273.4344532273;242.016996481476;11952.7173826131;0.634336904835096;0;0.365663095164904;1.78932809568979;154.804716835329;837.493336257364;1186.29391673927;518928.334310176;203.15704172889;476.519689105236;1140.35224803757
2001-05-27;656851.880875622;656851.880875622;1;0;0;131369.661920253;454205.36129014;0;0;41456;0;4694.88538007937;15726.1170848849;92.7342416736477;11535.2792777226;0;123.685827179559;4328.21675364684;13469.1224211891;181.386608128744;18958.5282348573;0.596942921591471;0;0.403057078408529;1.8580530256598;128.606905790196;842.159277835357;1461.3597423697;608678.748473889;132.574429223623;553.110349083538;1389.82367225789;502313.21917702;502313.21917702;1;0;0;149232.825294408;328898.979464657;0;0;33872;0;3814.57836783966;14298.3805893023;100.310631647197;11942.0617163356;98.3816819587429;194.431472551023;1595.34347441397;13259.5645727861;188.495265807641;12052.1971481769;0.628213210978178;0;0.371786789021822;0.64817339368425;121.111033666017;817.101884583056;1044.15072354092;502313.219177019;232.85871994295;511.19234850002;981.392686642938;560952.554295122;560952.554295122;1;0;0;157481.941373904;370432.787699883;0;0;33792;0;4159.15762923894;13190.3002002018;134.00965484967;13662.4655598406;199.337323922691;123.290195233827;1873.5382047537;13773.6420747014;370.70701273621;12965.0469222059;0.641599415257486;0;0.358400584742514;0.879029363048687;272.556317919762;665.757353031913;874.887330568051;560952.554295124;272.434707771353;462.016848206411;729.858961657744
2001-06-03;499210.491683946;499210.491683946;1;0;0;120941.971815317;311882.231308461;0;0;41504;0;4659.1645585306;16504.4923584531;107.744186122314;10959.7920306165;0;147.60556804032;3642.0057890883;13577.9800000425;248.618477290906;18977.7718817649;0.604425731827853;0;0.395574268172147;1.7061206237617;101.53220956297;737.637968974049;915.278196595017;570206.791227411;208.236664343119;510.863441568779;903.477284375137;536261.770052729;536261.770052729;1;0;0;70045.1315346573;440946.106594501;0;0;33920;0;3649.75672167336;15934.367145031;142.440343849247;13102.7614338828;102.747649054306;225.72814946621;1594.25620769075;14078.7246044336;255.429242276532;13372.6518954532;0.636191522301224;0;0.363808477698776;0.035723549042652;40.0519261140362;1096.17609039494;1157.41765259258;536261.77005273;266.999731075499;726.207690718278;1110.87037222015;544743.807683742;544743.807683742;1;0;0;124343.304308104;383100.642772838;0;0;33936;0;3867.53177266775;13096.0088212854;133.638189435171;13733.1429301621;89.3120471256024;146.55196018511;1742.25954348758;14026.4051290503;395.902241700407;12792.5698484219;0.6486950998418;0;0.3513049001582;0.882845902781103;99.1499981586572;716.30979271844;1762.172074287;544743.807683741;197.695391761498;556.188747169169;1572.25957569427
2001-06-10;628923.652235243;628923.652235243;1;0;0;121970.445176866;455224.956941002;0;0;41600;0;5022.76923640585;20054.8923345026;162.812761153501;12222.3473000038;0;226.109498961291;3487.16505686183;15473.0037120905;421.701707933897;21267.6656773188;0.612872467689134;0;0.387127532310866;1.11823326277578;148.411560334121;843.917428147501;1086.11163904961;615232.815344421;162.026153272717;556.616412054943;879.825899329671;567531.668581076;567531.668581076;1;0;0;138786.323876686;393855.749430201;0;0;34048;0;4044.51812110811;17692.4628739287;195.298240327872;14254.4064068046;157.49966109735;283.876744571282;1619.23964963985;14661.73454186;341.6562764463;14785.9557604103;0.642294525295587;0;0.357705474704413;0.16914449314323;147.101338647218;956.107495686658;1626.07388767898;567531.668581076;264.850871865608;691.689745128722;1094.89332694262;531462.161804961;531462.161804961;1;0;0;74067.3480752758;412253.454067405;0;0;34080;0;3520.3179338538;12864.288772111;149.062391385205;13890.0552349452;151.284990766505;172.16332413455;1635.40207025543;14304.6256080435;483.587188802965;12509.4086212933;0.657832123060341;0;0.342167876939659;0.709642316417721;47.3792439366717;1230.07997661266;1391.01280954939;531462.161804962;238.257954685869;1055.4789249121;1376.12703337107
2001-06-17;589648.283250658;589648.283250658;1;0;0;125510.714990982;403965.094683153;0;0;41664;0;5150.85669549077;23125.0238517995;244.120981369227;13003.6230165617;0;314.391438126929;3040.11684569069;17106.7366459136;614.808897195884;22260.2921858967;0.62329087875769;0;0.37670912124231;0.239040354039245;162.868033685977;958.369274344911;1055.96722127401;626359.735636074;206.5205727231;574.176181726454;1029.58499656158;499611.967857737;499611.967857737;1;0;0;100121.452829442;369399.613505029;0;0;34096;0;3855.36533815878;16460.0194269097;218.239956202605;12870.5678046557;245.823547824415;291.731358264092;1293.9261226386;12681.1354149166;374.750205026462;13610.7854919198;0.648909672063161;0;0.351090327936839;0.333143107899626;83.6942233985384;921.73106163831;1572.96232584328;499611.967857737;203.859938931049;682.920782264906;1170.76767149514;778400.482422436;778400.482422436;1;0;0;123519.27040585;610580.743857384;0;0;34128;0;4799.32482125277;18770.4589505884;254.151771020663;21163.2949989507;402.236228054865;297.425998463592;2205.64013293033;22017.3831820693;1005.78148356069;18078.4373903591;0.666701204996725;0;0.333298795003276;0.614921610672827;237.784043532563;1623.81330637304;2671.40850344967;778400.482422437;269.00427366455;900.375812087711;2019.42702574119
2001-06-24;477636.596409033;477636.596409033;1;0;0;188942.938534023;353293.906737759;0;0;41824;0;5948.02440502006;30337.6519574168;420.518031034385;15392.7009335687;0;450.79717157059;3071.14319383755;20960.5328500195;532.715537735584;26633.497339225;0.630549713402295;0;0.369450286597705;1.63925654501787;205.298831886528;1006.52824440574;1225.29703978069;714269.053508284;200.862599322984;542.98362943803;1050.96042254476;551175.092194684;551175.092194684;1;0;0;85744.4880956207;444634.244138961;0;0;34144;0;3871.85918965559;19418.3406800941;306.773741781219;14568.7678900232;431.947579671652;393.636392028706;1360.76314955618;13591.9671780463;503.47759474871;15782.3130787069;0.654933313188646;0;0.345066686811353;0.0863056661285808;31.427704462739;1150.66304719906;1361.55425597183;551175.092194686;262.892351096125;686.474458575823;1185.21750576823;781451.916612844;781451.916612844;1;0;0;99408.155625997;649017.450332831;0;0;34160;0;4366.70175781205;18659.6595202477;308.114593986744;22393.1398693838;679.651643146594;354.364427688873;2087.70188591291;22993.5681021816;1378.24745839222;17911.2622360927;0.672832145924022;0;0.327167854075978;0.541781671518698;52.1416681692217;1494.6281895289;2950.5612792659;781451.916612844;244.179122493348;1380.3999121463;2869.91687158733
2001-07-01;665515.956517745;665515.956517745;1;0;0;134478.373346657;508245.110755505;0;0;41904;0;4874.58692558521;27001.1385889121;364.183310631224;12708.7190766427;7.04170467827614;442.914510878628;2087.09316792368;18276.3459886674;535.408786369335;22210.1698944581;0.637416675475243;0;0.362583324524758;0.349831769914423;43.2534953414819;869.740585803985;1073.68795741134;564649.431209402;204.109519465732;659.527640139931;972.115719634352;392398.92502758;392398.92502758;1;0;0;108931.969713566;264486.305927412;0;0;34240;0;3298.55023314096;14933.1548119672;273.357647916327;11054.7697759318;118.799579105319;372.042833927194;879.350051932038;9494.85022703676;438.297746838139;12046.6269284292;0.658880513431764;0;0.341119486568236;0.78536737329143;16.8902096761736;953.695829967382;1381.01001196646;392398.92502758;142.081458827012;693.861946732457;1380.98867238917;569286.317692603;569286.317692603;1;0;0;122756.328545017;413136.302951571;0;0;34176;0;4032.37805808713;13789.8037083987;314.774188548357;17529.5134440447;265.83067784037;307.187003394935;1399.94668652921;17914.8452253269;1079.23008604721;13127.8812893313;0.67760871597612;0;0.32239128402388;1.60568386643154;66.7579019474126;1320.4643867059;1863.45583520253;569286.317692604;194.033402794864;1053.79119042305;1863.45540618167
2001-07-08;590395.987903063;590395.987903063;1;0;0;123238.519121713;455448.417330126;0;0;18672;0;3765.57757226293;27435.8181359439;245.222393195398;12547.9439812991;12.0278950678584;434.112486840125;1479.78473620825;18087.5335136816;430.708161448644;21216.372504489;0.644261158774202;0;0.355738841225798;8.1270726910128;220.351295164963;1403.95421714348;1872.65280351211;502016.889381813;205.326518575422;770.453117092854;1712.99372279639;413613.315729337;413613.315729337;1;0;0;98606.6335121667;295286.247693198;0;0;15200;0;2748.38044669312;16877.1126466108;350.389584233748;12231.4721426038;155.258825306555;535.525634771064;817.204152547092;9539.14959443543;561.903863274192;13827.2837451801;0.663384610997623;0;0.336615389002377;8.47832442507344;261.229289658163;1336.10831421592;2266.75792117921;413613.315729337;261.195891627858;919.000968530456;1939.8071610018;438215.233834333;438215.233834333;1;0;0;84101.3985105758;327532.363243448;0;0;15264;0;2591.68173756077;10678.8660031186;342.915657560479;14363.6431728348;205.279997035614;274.690089371577;1002.20034361541;15046.6167433636;759.374982590135;10108.3348850994;0.681561374311449;0;0.318438625688551;10.1115172206255;260.588290804786;1658.50627905839;3063.06712173284;438215.233834332;266.328188285643;1060.54234662688;2915.84625235873
2001-07-15;630147.659598652;630147.659598652;1;0;0;103837.947610505;459269.384617926;0;0;18624;0;3717.60768435758;29606.6161573994;218.207967512675;14391.0282272516;21.3601013812736;433.198078087013;1167.35980424266;20667.5250401933;405.838876056618;22566.1278092829;0.651010315576423;0;0.348989684423577;6.3132326958812;207.582441562229;1342.16229970599;2335.24509040765;495724.257468604;207.03578180108;1061.12665479246;1910.86630413692;427030.455972984;427030.455972984;1;0;0;79651.3260389774;329741.918308562;0;0;15072;0;2813.26169723531;18695.9816032241;445.305658578661;13752.3704918734;161.64060452344;750.868622703762;722.923353612984;9307.02285414856;677.231952044652;15627.9242025224;0.667850448312541;0;0.332149551687459;7.3423119296617;266.219932301034;1533.11157490331;2388.34682703662;427030.455972984;264.34360538378;1190.82439123503;1865.43009632785;560602.379002743;560602.379002743;1;0;0;75371.1361941021;462379.998082173;0;0;15216;0;3028.10229430711;13831.6165559749;690.229117424448;19593.8272753635;268.200106750817;407.087369023017;1124.65170144417;21093.7509343159;983.824720592999;12789.4712175285;0.685557129771869;0;0.314442870228131;9.10462166354061;268.128213079636;1964.09317856872;2712.46462000143;560602.379002743;281.901659113473;1478.75907258282;2299.52627579413
2001-07-22;590208.638139056;590208.638139056;1;0;0;117010.367471895;435619.573291055;0;0;18592;0;4410.9320036148;40509.4112599512;272.495460179755;21538.6531334731;47.9660625134361;527.263141837063;1162.34280282944;30025.6528933766;504.019746489749;31769.9079239549;0.656568318873426;0;0.343431681126574;4.94420849313791;208.845899999046;1920.00962883017;2724.62806092767;627635.69627225;208.845899999046;1121.02538166662;2331.33628389749;484956.426949518;484956.426949518;1;0;0;73960.0734630974;396384.096122623;0;0;14976;0;2802.56534180827;22786.1715530262;577.661653225552;17016.2527518783;174.477579926748;1112.35498861241;706.349779126647;9926.80064855428;885.449369573716;20089.4956976899;0.67145751672737;0;0.32854248327263;1.42216737672841;162.240035254119;2433.73883699665;3781.66425082354;484956.426949517;261.130115168075;1469.27061224386;3532.67716722188;483806.744316986;483806.744316986;1;0;0;121042.699395932;343971.431161797;0;0;15200;0;2913.29055770933;12024.1099496988;840.463651868168;18419.7246070915;221.494581642246;398.859758635767;855.563079477036;20486.1709639206;810.27146266556;10656.8339804195;0.688338970791807;0;0.311661029208193;8.32295433687903;275.557674469708;2282.25176395508;3151.26805758657;483806.744316986;266.543280961593;1030.94324968778;2696.59714500056
2001-07-29;667285.261360511;667285.261360511;1;0;0;143473.7484857;503268.922629963;0;0;18624;0;4733.99611248938;40701.8184563474;281.584780652209;27160.2646227869;86.2369390413339;527.395643725204;909.627278459525;33903.928036502;513.627407384439;34470.687500409;0.66097299083935;0;0.33902700916065;3.86658378950527;262.668387632056;1879.11526090545;2369.77296255448;622983.442562226;218.109881199481;1015.08008767095;1952.84767179617;522026.385110054;522026.385110054;1;0;0;112057.745428486;401360.707481124;0;0;14960;0;3458.35662318751;26200.6172247014;643.632504055234;20443.1889858719;184.82976164977;1280.28487904279;643.025122678607;10076.4106433127;1100.84168514148;24808.4470193355;0.673208446891686;0;0.326791553108314;5.36990876443847;331.083482163084;1671.21276833554;2520.72625784406;522026.385110054;313.476643344691;993.658134522712;1875.28988796795;645979.179488671;645979.179488671;1;0;0;142352.647879331;491606.233676044;0;0;15136;0;3551.7830783359;16685.2809879371;429.41890282167;27592.9773120049;315.260473043349;601.270336240727;1022.72449558987;31487.2831127251;1095.64281171761;13815.7740309821;0.690937781449511;0;0.309062218550489;7.62724072351992;298.419470077883;2313.15317468255;2978.83330826656;645979.179488671;285.206779416922;1410.59862932435;2805.37272303307
2001-08-05;618924.005089776;618924.005089776;1;0;0;107970.023781013;484374.540277308;0;0;18624;0;5040.22650829794;47143.296416593;324.497111246323;39455.2511206613;154.326626577748;543.382728721826;771.163578693698;42872.6959760326;585.787486975238;38824.989681605;0.665402616790968;0;0.334597383209032;3.02904424388075;204.989366607516;1814.33912527115;2437.86132625681;685379.573141008;213.698868171331;1377.30976606732;2236.00284160058;459147.491982572;459147.491982572;1;0;0;128414.728589351;320391.421019611;0;0;14960;0;3302.39879736476;25025.5935780095;466.925934891504;20618.235089201;170.470420500211;449.982397354329;467.430625659252;8231.32175786875;1074.69963912244;26733.4419031101;0.675135256059015;0;0.324864743940985;5.33477083680444;267.037440047504;1705.06051719937;2588.13562197939;459147.491982572;261.723918468776;1134.66959518519;2161.21495153636;524153.192076579;524153.192076579;1;0;0;109202.935270323;400395.412895751;0;0;15072;0;3156.94303596252;14060.4448528915;381.722103367333;24638.2465771953;281.587201460982;548.338545708547;710.864896697215;28632.5627789182;888.234238716058;10710.9941038373;0.693479896861537;0;0.306520103138463;1.00962701400013;266.682299892604;1892.16135997928;2308.22940686934;524153.192076578;266.738037824553;1311.31933511316;2268.11701483492
2001-08-12;500624.305408026;500624.305408026;1;0;0;143717.878947461;360209.458478869;0;0;18672;0;4841.25075449357;32985.5110372038;236.394926490216;34894.3009035605;177.422647458926;223.091140455472;431.464345821954;36260.2367758301;514.338662771781;28645.536047578;0.667891443257265;0;0.332108556742736;2.39366257406183;256.249287784572;1138.91925401703;1686.83997356819;484092.741309634;206.597657060617;716.132666570313;1436.42254357942;607655.386595903;607655.386595903;1;0;0;122342.933852864;476077.536272061;0;0;14912;0;4026.0299238589;34963.9290659448;192.72662982402;33511.8160122074;164.651700380296;276.252213434467;500.891698875553;9770.0383171021;1006.76825396115;45653.3664821289;0.678413169780702;0;0.321586830219298;3.48690326497986;409.70687822381;1705.35545674688;2603.84959119969;607655.386595904;292.972069168691;1177.1087568118;2193.87764444919;428997.522807104;428997.522807104;1;0;0;124779.363803615;293733.954837917;0;0;15056;0;3074.2474655786;12193.529208129;120.860859754068;22218.0920329174;233.811724267422;507.591971850614;512.101232709227;26145.9636857477;703.477071829235;8432.81535985083;0.695018780899976;0;0.304981219100025;6.95899924140381;274.537283812834;1377.4539056177;2303.94810858705;428997.522807104;266.734413866197;975.976659490417;2030.01497303676
2001-08-19;453762.652963314;453762.652963314;1;0;0;114835.595717096;312449.472155075;0;0;18640;0;4874.01002326775;31947.7730065493;153.902381383192;40768.401211626;271.400706294518;184.017962597944;340.242217689209;39850.5499231582;593.25054139044;29855.7063750751;0.670133247876333;0;0.329866752123667;1.92402211172002;268.018164686821;1199.83909804974;1840.50172233999;473112.1674159;205.653956975266;662.098712558967;1446.10912324202;545326.187833154;545326.187833154;1;0;0;115014.131024463;418722.041549851;0;0;14944;0;3772.36226635614;31968.7807020177;144.167257407569;37126.6275914987;65.0437935344056;192.424941874988;353.01455392573;7655.8531522379;320.290009300345;51993.4689370136;0.682797322061053;0;0.317202677938947;2.9286744715118;262.763567579427;2454.93600590544;3281.08565700499;545326.187833153;262.761773686312;1351.3300010587;2788.1739981391;621142.988610746;621142.988610746;1;0;0;164773.11724674;450263.239231153;0;0;15056;0;3835.56680668963;19065.8368767634;168.662765208343;35059.3689595911;227.198499052109;816.66890814459;653.674722450334;42839.9551737894;610.614414280158;11717.5270286304;0.695842888325645;0;0.304157111674355;4.74367152109463;278.648764805536;2196.86220678875;2626.68524421133;621142.988610746;269.429144376869;1384.25820187771;2249.20369243944
2001-08-26;490576.73011227;490576.73011227;1;0;0;111152.65214072;364514.882310817;0;0;18640;0;4273.30127925908;23881.0482985646;83.7142620821201;36665.5456751324;84.4980835635443;159.550215532762;221.052381645946;31264.6203297947;212.665937438247;24433.9280853786;0.671481672539593;0;0.328518327460407;1.67855784764532;205.846690430881;962.478316684926;1651.04455263241;355818.912604317;205.201069293879;528.241122977687;1412.0645389716;558277.231666068;558277.231666068;1;0;0;135027.863105624;416766.275751478;0;0;14960;0;4198.06301042697;33227.8886819014;131.266358797751;47428.7284241479;58.0547716409203;217.409955900059;275.183094437478;6596.44255272575;249.78259554672;64271.5186736581;0.685702763197465;0;0.314297236802535;2.23805120507323;296.696136059053;2027.92056326782;2867.01579282055;558277.231666069;280.924423073728;1458.45152316401;2369.47116273984;426678.126132284;426678.126132284;1;0;0;117800.528591693;298426.314726782;0;0;15056;0;3230.59280972469;14337.8233914722;101.207098987663;26243.0171330763;130.581744707002;619.129666897224;382.311778010907;32828.3835924738;358.737095459383;7612.15859994028;0.696632745100599;0;0.303367254899401;4.14816749779658;275.661426430773;1405.10569340701;2008.31419492844;426678.126132284;271.216366653273;879.943450218532;1615.72432149827
2001-09-02;463086.180665399;463086.180665399;1;0;0;106548.273086693;348710.694726147;0;0;18688;0;4715.19200852467;27876.0989101323;93.9232483267026;49994.1896380926;47.1311944867986;231.323426064782;241.457572068251;42408.9811573668;190.023011964028;32741.6980489571;0.673551299936;0;0.326448700064;0.650502053686808;207.39687046884;1463.49753450999;1790.37534194647;442888.667262754;206.526613625931;806.062248504968;1666.66326173912;492682.836504275;492682.836504275;1;0;0;132160.487335192;353330.536289002;0;0;14912;0;3979.58160379428;31069.5101138211;133.122095987095;48168.6274762517;33.3308891681433;204.045075731019;194.573722513368;5181.63728368469;265.381394845756;63827.6404009396;0.688126252603503;0;0.311873747396497;1.70272582255912;268.414966284289;1988.04107292126;3133.68072563774;492682.836504276;265.685675984918;1105.34183736664;2765.52533928797;410129.882661394;410129.882661394;1;0;0;149465.904630602;254521.118117234;0;0;15040;0;3345.67171941889;15417.9487205614;84.0589541257773;27365.0354203514;100.462170250339;443.29345935319;318.789546248377;34512.2801733843;291.298539066774;6950.35484438895;0.696968867524777;0;0.303031132475223;4.23346553709408;291.264452204189;1347.76962825453;1689.88711568352;410129.882661394;270.177431078779;846.8469638887;1473.15202928907
2001-09-09;373631.499654753;373631.499654753;1;0;0;103514.713757393;270195.396454613;0;0;18672;0;4403.59849507415;22540.4566938459;75.4790053659336;39019.8993407781;49.0338844872409;207.841226431512;177.700625442389;34125.461338293;148.871118479038;28479.7721493219;0.675000377907687;0;0.324999622092313;0.196812553922833;228.139182908613;937.987767025372;1366.29448652957;350414.041081917;205.284111834298;491.906340201363;1142.04047944183;548001.958706316;548001.958706316;1;0;0;136341.151575221;404227.762942449;0;0;14944;0;4691.04883959315;39889.428173565;190.46016643242;58754.3075138355;37.4378217440547;233.877363838454;182.962173908291;5381.78734000772;382.546019573939;72612.4533610284;0.690276851154909;0;0.309723148845092;0.0323171929079023;407.623910266658;1594.90842106685;2527.85683691949;548001.958706316;308.191415175288;955.725883698729;1980.87011913732;576391.272767921;576391.272767921;1;0;0;143898.137793113;426050.965495434;0;0;15024;0;4126.85765376399;24084.5708496101;112.365974487433;42054.0076302122;132.242005938955;347.800326898128;387.691600528987;53956.6983554488;400.366413869983;9196.46735696674;0.697733329655461;0;0.302266670344539;4.62388708888041;378.575290573056;2360.55241128083;2952.93745838204;576391.27276792;277.290026230228;947.431092263934;2586.25803028411
2001-09-16;323715.013756707;323715.013756707;1;0;0;123762.17446386;176813.347796901;0;0;18656;0;4365.77331394738;23949.808018629;78.1110126008422;25167.4964201825;66.8368511788019;248.821262737019;184.692471449805;25979.6500165551;173.297615417774;31686.2871506867;0.674837717813524;0;0.325162282186476;0.605333563684216;259.240709226281;635.286139158232;957.431789069749;319053.369129138;205.294101423118;366.10568700549;672.534818368777;420832.850467414;420832.850467414;1;0;0;144279.028499413;256698.696703306;0;0;14960;0;4177.83921374209;42034.3185674999;197.972297027636;54697.7434620992;34.7213495236968;204.546906065466;138.73734328276;4534.43947683139;370.484418289957;33936.2958683252;0.691582501106266;0;0.308417498893734;2.96977053828297;326.30995460742;1575.25717447554;2362.58702466159;420832.850467415;261.581996858046;631.10859965864;1907.79234405549;454471.948332676;454471.948332676;1;0;0;117659.350312044;330865.558386559;0;0;15024;0;3478.54293289557;20881.4257933992;88.7574088868129;37675.7617307993;97.5234998091766;174.745631258168;260.388594976947;44949.1517269312;305.349746948947;6834.20195087522;0.698679125515104;0;0.301320874484896;2.5863952800285;267.081379164653;2007.02260952024;2569.4825591145;454471.948332676;267.086192735602;1059.47554177953;2277.07913590895
2001-09-23;246838.868366247;246838.868366247;1;0;0;118174.191614549;120305.813293359;0;0;18640;0;4063.34493775196;21912.4203003307;73.3042472527068;21260.8188825306;46.2397760658661;154.513554552985;164.793722782426;21428.3924098368;171.621972237314;22467.855569748;0.672961279270391;0;0.32703872072961;4.12957263806399;219.605683478667;488.949055124117;661.254392553637;270883.438902114;159.571600390359;308.291723323421;520.665637434492;438117.527952046;438117.527952046;1;0;0;143825.581343911;282643.996832766;0;0;14960;0;4297.82042630255;53798.1980204826;170.634090335315;59388.4943330751;39.6267432176803;220.959809681033;134.922319252426;4847.11321796973;339.794642464733;28407.8594568306;0.691260255865581;0;0.308739744134419;2.9242509015161;290.766426192213;1354.66557106901;2411.87548355152;438117.527952047;263.030552198598;714.412617514326;2148.46098645408;646637.433706527;646637.433706527;1;0;0;158801.148452966;481548.259340624;0;0;15024;0;4672.35284365882;32547.9674185785;121.157101421442;60709.5152494706;134.546271384806;320.621067005142;316.368193127089;66736.3533086371;440.17410261713;9071.28105767907;0.699622396739788;0;0.300377603260211;0.240668984218925;461.377017576321;2124.38153258364;2689.00248360966;646637.433706527;278.461266591892;1146.78672939287;2223.02107583889
2001-09-30;196049.917299478;196049.917299478;1;0;0;128992.898187019;91457.9306009776;0;0;18656;0;3894.76082677306;20381.6753415512;78.9172752825489;23670.7476850801;59.0650087780653;102.800127988007;150.474801878715;21626.8180224804;158.603437264945;19742.2089605309;0.670705322296266;0;0.329294677703734;0.193468799993816;207.003306659818;501.121613050819;676.427269949765;257750.340381412;188.628284696443;302.652406328568;554.38511057793;514561.003728058;514561.003728058;1;0;0;168253.27182917;329932.740472642;0;0;14928;0;4667.7841096412;85176.2795064106;186.662155095015;35927.3166722253;44.9387198512878;326.692911951286;181.458971799689;7281.89393071357;410.536306528067;37381.9412312969;0.691096641516115;0;0.308903358483885;53.4321225947974;420.445489515354;1583.01754060481;1846.92304577651;514561.003728058;321.765497223835;732.408495250593;1733.46922620838;668997.803081494;668997.803081494;1;0;0;148076.623897171;512931.967175388;0;0;15008;0;4928.61743693808;37050.9345286896;122.32975469236;71655.7298815786;132.794305937824;367.598455070883;281.304021207938;69676.7025094824;456.573090542907;8837.54519220779;0.701355098853264;0;0.298644901146736;5.47711323270734;463.870223830543;2394.70860133949;2994.95581005715;668997.803081492;376.338722941208;1177.49600080099;2629.49119684621
2001-10-07;218987.90662897;218987.90662897;1;0;0;111277.975022022;126798.383241969;0;0;18624;0;3482.44326960789;15593.1726811232;64.4314894280963;21028.4402613521;40.1678590254366;72.1549301588933;112.981466377334;18080.906031287;106.455537040453;16536.0234310217;0.668810687989133;0;0.331189312010868;0.199373661623293;205.459248953472;431.064622167571;607.372503482076;206345.082231009;131.970739226777;260.996696915619;479.852395949366;487576.812256359;487576.812256359;1;0;0;175501.444301405;288943.087962597;0;0;14928;0;4388.44601992105;46299.2488783197;160.89630595391;37843.6389311297;59.0324477466241;374.888063363883;211.091272140647;9407.71473731335;403.776965786801;45802.6047041678;0.689996079154472;0;0.310003920845528;70.9159857265625;409.50285139633;1401.26752105456;1874.05749056674;487576.812256359;311.571420833094;682.404853699688;1544.189600373;607558.425756436;607558.425756436;1;0;0;155412.892348609;445411.08656747;0;0;15008;0;4837.66218636364;38124.3325667614;105.638297740673;73032.8545193794;119.586736433139;299.682943875765;222.055241081095;62769.1286020021;418.681513834091;7726.64576615657;0.702147257054656;0;0.297852742945344;5.03409176817612;401.829667704673;2611.58543555559;3319.08623971761;607558.425756436;284.106923529955;952.75416876956;3225.30988879711
2001-10-14;205612.576861031;205612.576861031;1;0;0;93568.1768790094;107290.787082645;0;0;18656;0;3372.29353572491;15047.3742469234;57.4838859188758;22654.5634011616;30.3688845009051;83.5063622287696;106.990269295859;18411.9710553325;117.92236732155;17090.3159573837;0.667433047420996;0;0.332566952579004;0.216319531050182;205.461589005298;458.909046442768;620.610725897006;207513.320476051;159.084919640664;285.628630815419;509.861915902146;470841.537658827;470841.537658827;1;0;0;240933.528623429;210267.622507189;0;0;14944;0;4406.41604462319;36223.9386188118;144.034181971838;37010.8295828931;75.4267581715254;332.30876276752;249.039634527691;12421.6996395661;345.928150771909;36359.7472728642;0.685998201564747;0;0.314001798435253;264.255541712056;434.214390408071;938.604550812913;1282.52666434222;470841.537658826;329.718673963947;526.413267554424;958.6142827997;482221.539517017;482221.539517017;1;0;0;157271.186108898;312373.788561004;0;0;15008;0;4391.72378616385;34921.801972584;82.5454508891939;63399.3670627496;95.6631065832031;220.040457267271;154.996615980949;48531.4747484244;356.038578760024;5914.3741623641;0.702739504990524;0;0.297260495009476;1.45825331323916;335.152285086101;1570.22263106157;2143.12853911207;482221.539517017;267.24384908782;825.068291391791;1857.91103862855
2001-10-21;315164.046969292;315164.046969292;1;0;0;181725.752967484;155497.014219992;0;0;22368;0;5480.83029380629;28412.0311648943;106.561646405468;42501.3546768508;67.3231806950845;172.751229938322;200.841681881748;36696.6514174311;253.651794912638;34135.6870325171;0.664954323155936;0;0.335045676844064;1.33756262050164;210.404725173932;710.987011291738;994.986154155816;398555.331990976;205.546943925769;429.003173283441;788.610171519005;489538.387806963;489538.387806963;1;0;0;238902.497209911;239124.626024809;0;0;14960;0;4473.44665729509;37685.578753145;171.605027379819;37147.2588004876;84.8715001616404;326.892080694384;239.866595133958;13295.3887684737;358.793595698427;35264.0184860568;0.681781597043852;0;0.318218402956148;262.568506595487;411.847794686992;1197.84730721319;1532.94728811151;489538.387806962;265.03255913601;645.224940690704;1286.80054585769;619841.086942871;619841.086942871;1;0;0;183353.217927382;429553.829579107;0;0;15040;0;5208.60768188948;52391.4067276273;105.190609203788;84310.7471577582;126.605158243993;293.44648126488;181.739066033475;59764.9321655629;511.523713378706;7542.49663887716;0.702748195011394;0;0.297251804988606;13.1063735341322;366.897677673739;1962.33617432114;3026.68667510824;619841.086942871;280.76693841643;1237.41551407883;2581.73787915586
2001-10-28;396467.686283987;396467.686283987;1;0;0;156561.743295573;219486.403899621;0;0;22336;0;5074.90167269109;29100.4135755137;113.340308573716;37847.6323702722;72.8619459113053;166.142639486345;205.163053277884;38527.2152880399;285.4841387885;35759.353844371;0.662643291622274;0;0.337356708377726;1.314298817384;210.605817702757;871.524742382003;1288.17756624194;401496.061325185;205.637279347177;527.588942492371;1062.94719837758;365797.703534026;365797.703534026;1;0;0;203808.438081178;153156.611883701;0;0;14992;0;3935.24265092509;31148.6564266107;150.24987330478;30969.4653418363;67.5819360909199;244.422064166879;155.134106669096;9482.5601647803;331.407710462103;27871.8443708483;0.678325551344244;0;0.321674448655756;9.9956194564572;284.467229608312;879.384052814027;1305.57101559882;365797.703534026;263.423461811673;471.042829519363;985.425522284483;654199.042142491;654199.042142491;1;0;0;167043.261320062;476278.710601258;0;0;15024;0;5468.22174865542;66144.8334463378;110.608346539317;86572.6599225924;141.536923666936;331.842223038444;174.271318677423;61121.415504889;626.906211955607;8024.22850789015;0.703314946093402;0;0.296685053906598;3.17216109819138;544.247825911966;1717.69662258865;2413.91682454471;654199.04214249;325.689366572153;1181.74506680345;1910.62296690787
2001-11-04;465903.751388373;465903.751388373;1;0;0;203925.187573502;289541.947492227;0;0;22352;0;6147.33092676324;35920.4192629166;143.333350936923;37981.2445176781;86.7628469319064;185.314915742038;248.177949944223;48352.5893435743;323.547474565826;45568.3705091858;0.660874011847588;0;0.339125988152412;4.85268518049135;229.213350017936;836.019931516574;1065.32535293459;479957.53624908;205.07065806925;468.236206156285;904.24153988782;340937.625907479;340937.625907479;1;0;0;183148.50094791;154939.841854589;0;0;15024;0;3899.8911101116;32842.287742471;164.419976855181;30738.0197652088;71.2598061322332;240.330475828843;123.188436427401;8471.711827825;423.082671722277;27007.5924986393;0.67563804205479;0;0.32436195794521;1.73616474045432;322.199911052879;743.555120696508;1003.65508233926;340937.625907479;263.975931975118;452.586498796787;755.997209605359;699615.143439636;699615.143439636;1;0;0;220669.519168116;458573.659204799;0;0;15072;0;5621.08207571883;88921.7198079568;134.239930502675;63865.2792971271;180.044603820748;423.215131636946;192.316619141544;67941.3145107256;874.944884688104;9630.51566937601;0.702848704808624;0;0.297151295191376;124.849642653369;424.780749148515;2673.87534877817;3158.70793284644;699615.143439635;380.539233067667;1272.05941068029;2822.185127375
2001-11-11;519840.591158064;519840.591158064;1;0;0;202310.117065541;322301.51326771;0;0;22320;0;6180.72810841552;36588.1972884766;141.984431748203;34539.1154439142;87.2263072562312;190.435099652953;252.809720641691;47872.5332192526;342.193201499921;46856.5708417235;0.659696908937416;0;0.340303091062584;70.6972000277919;274.109121305186;761.702977167069;1267.55032053369;480838.988345961;205.680790240728;466.438188259758;915.481709430677;331808.168354732;331808.168354732;1;0;0;143745.162541202;185962.639500457;0;0;15024;0;3794.07208673492;34693.5764081402;175.881161656375;31777.8623436623;78.0978008610069;242.837323285845;105.33811050171;8009.50472520763;500.01850245205;27714.4565112494;0.67296124759511;0;0.32703875240489;1.49887243477313;264.505714757516;894.014741712265;1266.10902053106;331808.168354732;264.330546273173;516.18444091726;993.735350978837;725957.433789279;725957.433789279;1;0;0;238554.599256921;472370.914364983;0;0;15120;0;5915.48754089024;107907.223959811;149.867843730378;56822.5568853221;209.016390101557;500.801626083103;192.442923420562;67137.7203913191;1077.33481557308;10571.3859810535;0.701709560688578;0;0.298290439311422;268.00508210077;510.213905088596;2382.32028318995;3162.3790685802;725957.433789279;316.449112311425;1134.12272154949;2818.06303241141
2001-11-18;429998.441704908;429998.441704908;1;0;0;203618.623042493;194872.721482384;0;0;22320;0;5939.5015208375;39013.086981123;151.439617810512;38213.4886294713;89.6193933603025;222.104555559894;268.934349905308;41829.7576027945;386.414575018056;42718.3176863704;0.657829768367382;0;0.342170231632618;1.57483915381832;277.166349432428;1028.46267697271;1580.03949928003;480261.427058188;203.437029077144;423.488873216775;1191.70020144687;238022.041941584;238022.041941584;1;0;0;131326.815448735;103653.595413597;0;0;15040;0;3252.67586923852;26591.9866431364;131.242981878388;24109.3465519813;64.0255889550663;180.782156323375;67.1958468145153;5646.13434413723;291.492016258573;21529.5235569976;0.670816017418992;0;0.329183982581008;1.24528388657136;264.575438902883;634.263406011231;838.414458695919;238022.041941585;185.399263771509;377.879574160272;718.04412210925;594280.571484138;594280.571484138;1;0;0;229035.285431491;333976.91868372;0;0;15152;0;5545.80477138701;91492.9439405603;133.61942986342;49676.5632729855;189.197502370968;469.749647100119;147.431011420319;51630.3277202713;927.280288858808;9111.2443656317;0.699944367754574;0;0.300055632245426;268.64694333097;509.089685549228;1452.9343839667;2257.41678849626;594280.571484139;294.924521144331;824.134043809798;1746.76410186416
2001-11-25;378105.685016699;378105.685016699;1;0;0;186939.809913731;183687.657737256;0;0;22336;0;5343.07535329006;31441.6572839803;124.228570627272;33139.5927910292;75.5140583324922;195.341687987644;218.143665283768;34945.9763631409;296.666883637159;35981.6013416697;0.65523767146255;0;0.34476232853745;0.816118480206952;223.729983841888;1026.84384467576;1346.29880720688;400681.782840403;205.914522551862;357.548721589983;1242.15708080951;317066.154970389;317066.154970389;1;0;0;143739.857807401;171765.681800426;0;0;15072;0;3836.36986738721;36565.5648414037;163.140446329457;34401.8043571268;96.2211028368286;245.62723457821;78.9596891637695;7476.44159786687;335.532401473748;30659.9922320897;0.668849123630213;0;0.331150876369787;1.1263645690467;268.209547734621;880.294020023444;1166.99454981772;317066.154970389;264.707613195789;456.958620104071;1100.3018401987;776688.516958229;776688.516958229;1;0;0;243615.566742716;505785.828648174;0;0;15184;0;6231.03689412566;117037.705784435;195.080554232804;63100.9194721121;273.810449701101;711.323693243436;191.064061198078;65980.3547341354;796.845655552245;13017.3656932242;0.699004070257385;0;0.300995929742615;269.807948845052;579.8282736016;2285.32675468882;3685.50292845841;776688.51695823;422.115409151804;1016.19150817833;2633.60439374306
2001-12-02;381974.421344581;381974.421344581;1;0;0;199360.106939779;159599.009984002;0;0;22400;0;6043.6298712035;36755.9182746212;150.351306444969;41415.9456214135;95.6645124364859;258.583748979626;254.973794488102;41281.1473545039;332.668073696982;41547.5244989372;0.653057385771993;0;0.346942614228007;2.80644891100694;238.562010439778;868.049960815286;1296.55496346354;472811.973538932;205.096509558426;444.539089714848;1180.6654918834;213619.647642099;213619.647642099;1;0;0;120432.958634916;90911.5012313247;0;0;15040;0;3134.23375670559;25568.0552319263;109.424670294911;23907.8587991724;65.8331530172899;170.768339178495;47.9768134600176;5033.26828146685;222.412462272812;22670.6907702454;0.667349725339033;0;0.332650274660967;0.998046743625564;264.783228655685;551.4484149966;776.014446723316;213619.647642099;227.541014852388;317.41128997178;662.902757255305;666706.175039468;666706.175039468;1;0;0;255614.508460241;384135.102571421;0;0;15216;0;5679.27480306072;54135.8469885635;248.60212867751;69278.9052383493;339.726291839458;937.919954327291;215.943883885764;64408.8271259217;727.564044878482;16761.5637055153;0.697275260178457;0;0.302724739821543;272.610159625103;662.833453863698;1327.77196004918;1643.78734947988;666706.175039468;433.402438433229;778.902374964754;1356.32885245808
2001-12-09;304995.712604101;304995.712604101;1;0;0;74184.9388572864;194876.623094685;0;0;28624;0;4456.06812017596;22016.5577353615;90.9043215785673;25274.4171725924;61.5814872112663;169.427601199192;165.982925964498;24644.4440487738;183.105087132672;23362.3402045663;0.652705255728553;0;0.347294744271447;0.00602360577585766;91.869863972851;565.168933796648;830.985817735437;281888.134576707;144.100242979315;329.183324815593;719.124642334978;143833.591730638;143833.591730638;1;0;0;42434.9240194518;100610.648765589;0;0;15056;0;2409.10852533761;17724.4679800603;74.6969102101026;16728.5100344857;34.3791026065185;118.15306443345;29.157465364305;3375.94294117635;148.96245872745;16730.7818207425;0.666996478587444;0;0.333003521412556;0.00312402086982029;112.199342846745;509.915066683779;646.074446333648;143833.591730638;151.339725833932;278.057466667803;579.100108108929;843687.445261846;843687.445261846;1;0;0;246909.438701319;504307.194440898;0;0;15248;0;4934.46171329725;42079.5707178293;497.782625004439;48111.0345320698;187.998317430389;479.365584775818;818.239013428731;40892.2182929241;180.896658153571;73288.6507611969;0.695103282313223;0;0.304896717686777;286.425165317686;540.997314286649;2950.34258234363;3863.77531332007;843687.445261846;431.136365654439;1264.1386306563;3304.26372127106
2001-12-16;290597.256171765;290597.256171765;1;0;0;114719.300435479;180345.375627426;0;0;28624;0;4814.91483054285;22026.9966004174;87.9951784665948;24647.3694330271;67.2213346900805;181.939766737169;151.762945436207;22455.6835429475;166.800084477706;21572.4260871199;0.652351413962979;0;0.347648586037021;0.543746689715125;89.6776914847753;444.748537431561;647.302033730424;272957.812222072;89.0181816457622;260.026629775546;578.883831133024;214607.337205742;214607.337205742;1;0;0;46214.9068038037;166580.165781841;0;0;15040;0;3063.54731369655;27094.4100590048;75.3838308024228;25985.43062867;44.0081535469223;176.915880667392;39.5871359531197;5092.58125877312;196.5852912961;27200.9259257019;0.667524208093767;0;0.332475791906233;0.19546537429655;175.447490212441;823.217327527292;1135.6218899502;214607.337205742;197.979696437956;455.460921326958;1083.59873418866;677898.263946997;677898.263946997;1;0;0;264672.877286609;341994.8265606;0;0;15296;0;5043.73543467984;44534.7594357476;141.442849893026;46232.0664866321;95.2692942183976;162.410509646697;342.385329352295;44442.8436651197;257.662849278389;36354.9846914325;0.693415318595022;0;0.306584681404978;289.350470403006;571.566974063144;1494.2460896316;2711.75932812401;677898.263946996;424.901991191186;726.515452890703;2064.5932437453
2001-12-23;320690.958187288;320690.958187288;1;0;0;127988.862824265;158941.418733394;0;0;28576;0;5289.00682565121;37055.3040397762;105.383822111543;23408.8093598658;85.2565430627387;226.75348958636;266.524751020048;26584.2832530336;177.395833822111;26686.624656807;0.65131468370415;0;0.34868531629585;1.55770048095775;119.652598815636;686.134334797027;1167.15635268847;361805.89828381;89.0565526713955;328.444419801207;972.171659417177;415725.122934563;415725.122934563;1;0;0;47188.0057907871;355808.866156817;0;0;15040;0;4432.95618206044;33585.6449939833;110.909761983413;54814.1514446132;71.1428989642422;291.715069845842;82.7540530306421;11747.8796272525;253.298325648944;59281.301400423;0.669958184582442;0;0.330041815417558;1.26526407881309;331.392616346068;1290.66318369948;1789.54515018403;415725.122934563;265.163604302195;748.000482242153;1559.24263563832;703508.795136881;703508.795136881;1;0;0;258272.482474923;424803.512015472;0;0;15328;0;5143.59635969244;42204.1350239938;172.725974950462;42446.0544816836;110.052810276513;269.257162923159;272.402641774335;48221.51907909;327.73244546064;37564.606989503;0.691306119856972;0;0.308693880143028;254.453309132491;659.171519526556;1596.60633117644;1929.33115332454;703508.795136882;412.082147305096;906.25992068223;1730.38965713957
2001-12-30;450568.462328162;450568.462328162;1;0;0;176241.073851171;231096.595048223;0;0;28592;0;5697.11315163755;43985.3847312326;99.9901343147616;25020.691266158;65.5599064747713;172.076973495509;320.178034135535;25624.7773916007;132.304048111746;25775.5574165038;0.650066487469786;0;0.349933512530214;0.775940736617407;203.871160631478;539.354382751408;870.775814950191;403037.111954617;176.488411967428;276.182759517239;708.878263297068;515294.737583523;515294.737583523;1;0;0;229535.755856333;201363.192498801;0;0;15056;0;4173.32571841703;32264.9253611824;25.2511651395421;26138.920091559;222.250549719023;137.988629995808;380.400288526012;60118.8940527585;12.7119637809823;35085.5105553794;0.668482954978789;0;0.331517045021211;264.767244333987;362.909334391565;1326.64003501074;2857.92019099855;515294.737583523;294.016607659271;637.068842670646;2395.35196266984;628023.032717359;628023.032717359;1;0;0;186452.373761171;425024.645488059;0;0;15312;0;4841.05016635237;39988.0347346383;134.551873446573;40348.0812643902;93.6128165586375;188.212809009927;184.754098507866;43105.7246574869;306.698249241236;32279.9254482193;0.690098651820707;0;0.309901348179293;8.69163133502051;519.256338696137;1842.31848563303;2185.01563791644;628023.032717358;364.620648920989;918.999951397142;1963.83242480483
2002-01-06;502515.145664599;502515.145664599;1;0;0;219117.950133139;197304.327445452;0;0;28576;0;5551.2856963802;36810.0728591459;129.521977472964;30869.7268050128;94.7558430003491;111.734177742145;563.82199730701;28101.6935995395;152.665626606603;27470.382348652;0.646485090028118;0;0.353514909971883;3.04433000397246;231.600476176232;636.651033976037;845.481715688127;469839.410873101;205.950420746541;407.33762435561;689.424940439794;549998.990251576;549998.990251576;1;0;0;227083.253762466;258137.369404471;0;0;15088;0;4320.60464283131;36460.8477336837;120.253170943369;27348.8651805791;128.766672292997;112.024933266168;352.760300901832;61818.5084645771;143.730186734192;29269.0492601374;0.667009441829923;0;0.332990558170077;116.123631117877;350.81285296678;1985.69071928975;2837.27768321367;549998.990251577;293.281204404345;1018.37776566076;2694.94063409579;482464.667377296;482464.667377296;1;0;0;214988.613421816;253117.961853727;0;0;15312;0;4335.42640439242;34371.4932432301;105.344472439371;33142.0275869925;91.3438807736183;179.698031136321;122.769142539304;27701.9814145951;240.607230411546;26285.3784565308;0.689272836676102;0;0.310727163323898;3.38063604000807;381.211706028604;1161.78671879515;2094.5117253227;482464.667377295;317.627649825325;637.138124698984;1826.00006064761
2002-01-13;498246.479354519;498246.479354519;1;0;0;317952.081432099;236303.19374457;0;0;28576;0;6228.76166520085;35289.5111451394;79.244443960243;30518.7388651732;47.2940066181625;141.009707461286;809.650606026674;35936.7200850297;137.675385061452;35348.628747484;0.642130150088109;0;0.357869849911891;55.8072138051242;238.346132241947;663.646169727811;909.222366832553;560686.715101408;206.24858839375;385.907330115863;711.649951203362;678274.371062563;678274.371062563;1;0;0;189947.881996801;449850.365211445;0;0;15104;0;4734.87399715955;29729.7458652073;79.0505307619267;33550.133298826;55.2171961045941;137.519007542408;364.575673458032;71933.5125819656;171.448428845034;32667.4693467713;0.666263255884106;0;0.333736744115894;90.4581645486128;428.851417011181;2902.92833983345;3210.94572919332;678274.371062563;347.480036501628;1283.71499030754;3023.69466406065;509121.666641;509121.666641;1;0;0;189826.645493976;304582.413981295;0;0;15328;0;4418.24211079049;38133.4269658775;116.564535717391;34083.5748449319;66.0268338241846;221.508979236026;115.696660781403;31818.5268298381;250.714144989281;29493.9229335271;0.688811742650513;0;0.311188257349487;1.67790727099448;436.406266804011;1339.59619878614;1918.92347944785;509121.666641;325.19602609004;791.115843205877;1564.40219313468
2002-01-20;543811.858534403;543811.858534403;1;0;0;238052.344610116;230400.152306568;0;0;28608;0;5216.17711355928;34198.5509135498;64.171472155926;26561.1418896385;35.8161700247594;118.641778717922;636.335776174757;29784.4307527375;119.884278488774;26893.453440834;0.638511597947997;0;0.361488402052003;2.74828947934227;207.583225455435;740.507372070891;1082.42014947951;472967.132090347;206.702274749105;441.558149397646;835.504038615954;659846.088885106;659846.088885106;1;0;0;206236.757443118;422038.126175574;0;0;15088;0;4890.24829206148;27347.7613550022;69.1618834984613;27882.844582705;70.6298657662305;115.025721262;352.666055809676;77684.8008467833;138.862652888101;28647.4522752672;0.666837902180404;0;0.333162097819596;154.768899804721;520.649031564153;2043.59818717922;3227.95233116462;659846.088885106;367.424427984446;881.955801035608;2487.51118965242;484041.241223456;484041.241223456;1;0;0;184924.710753025;289183.52957486;0;0;15360;0;4366.73653037081;36492.6661724458;118.798847241494;31407.2798743436;75.3302858805885;193.24575051418;102.279167166608;32263.4607163816;231.200195634223;30155.7227101032;0.688298565700117;0;0.311701434299883;2.46780842230168;383.242727784389;1360.56104711282;2162.37506848299;484041.241223456;324.295552060746;706.493461385868;1705.63315584343
2002-01-27;493643.412525159;493643.412525159;1;0;0;200277.807163343;227666.20296959;0;0;28624;0;5120.07151801718;31187.7775123734;60.3944757811413;27081.5154533795;41.7195540443708;115.880097551953;536.191075406512;27217.0283451363;122.231382256758;26137.6699784979;0.635300270307295;0;0.364699729692705;2.6782419068915;207.076666785472;647.809120517744;857.002273535349;439546.167991538;207.045526864878;397.88892465449;740.232443095653;731209.164108024;731209.164108024;1;0;0;186923.018455112;517998.260690269;0;0;15088;0;5100.46340508766;31385.7397815047;86.1533004546924;31117.2167701717;67.67070166983;125.756874823516;371.27388298021;90337.6043057356;152.679373740055;30593.7038536482;0.66839454101148;0;0.33160545898852;38.4633975986837;563.294362436135;2035.14267139506;4427.34184043746;731209.164108024;418.982646997791;1078.10612333176;2828.98275913557;449143.068415672;449143.068415672;1;0;0;163487.198300853;275484.409410526;0;0;15376;0;4216.5466606919;33148.3850637559;113.748424896047;29053.7734818242;77.8103223824163;160.256255876853;87.6616187093729;31895.6648799891;209.159401519887;30738.9982227674;0.688038725189126;0;0.311961274810874;1.47397551259164;348.690049451392;1286.46039300452;1877.06883914107;449143.068415673;324.598874514607;649.022832073311;1553.6076572198
2002-02-03;522143.475220211;522143.475220211;1;0;0;170449.821554761;235456.08403483;0;0;28688;0;5188.05030088717;29240.3027031896;64.6764294295567;32064.0467620894;44.006108899895;118.615608842463;579.103065006653;32520.6469352173;147.110646119074;30524.7683386409;0.633189605707478;0;0.366810394292522;0.792092734468407;207.292919119605;832.641195088277;1308.92104041423;494031.181768007;207.281240023312;593.151332863647;1053.21872972089;513750.065395156;513750.065395156;1;0;0;163819.092347162;335388.475165077;0;0;15104;0;4293.33412808842;23583.2548572088;68.7652802445946;21480.844737817;54.8586359183383;117.544203890102;239.35951486387;65219.785338576;130.179153370334;24047.1381957055;0.669795509076161;0;0.330204490923839;7.23032370899127;382.938026726482;1548.39424569072;2551.77369835575;513750.065395157;269.609162598937;902.558600029835;1848.42950856374;508436.856083132;508436.856083132;1;0;0;179248.664104982;323473.649739786;0;0;15376;0;4536.56994849363;36264.4481755952;126.781879795129;32939.1649101003;82.1664713210631;190.328667072172;94.4806143132868;37382.8049574795;236.497018624926;38329.1932013824;0.687696690418199;0;0.312303309581801;2.30520658800527;384.310197540496;1285.89074089525;1847.2515826344;508436.856083131;326.648643505277;864.718567172517;1507.18337182696
2002-02-10;557148.041331199;557148.041331199;1;0;0;206250.419772129;273579.606992499;0;0;28672;0;5525.35153629261;29974.4241461795;80.1443289758568;29021.7664736576;48.5690355795203;114.051470893167;521.380802501871;31428.8783106404;139.976270993981;29587.146540767;0.631258696238289;0;0.368741303761711;2.79328061971067;207.551672570645;762.39972476932;1095.4243769995;480946.147275691;207.487091042534;411.169597216491;881.048240686085;603820.91655418;603820.91655418;1;0;0;164702.796135868;431306.079151234;0;0;15104;0;4616.51969730194;29987.1993534064;97.0180709901065;25749.8158298364;67.8867262241233;138.127068390331;256.812476635195;75959.1357947448;190.023058438076;30462.7892346133;0.67053027088325;0;0.32946972911675;2.22774964722193;390.285794763767;2522.83729405616;2763.43973834919;603820.916554178;292.679905204903;1054.73862302951;2623.59111387269;577177.695064271;577177.695064271;1;0;0;188072.402874351;384256.864719453;0;0;15392;0;5031.95778470303;40395.101113182;147.475861428927;37000.3346665765;90.9835970945933;226.366751363565;100.788486351337;43113.1773071534;270.087217243885;48356.0575657073;0.68749541118154;0;0.31250458881846;2.48072402361161;545.397773779428;1380.81047602369;1806.538823931;577177.695064272;338.781719237217;892.294737078009;1509.30362108562
2002-02-17;585925.713669139;585925.713669139;1;0;0;230547.545753958;338285.337036135;0;0;28688;0;5878.62525742165;30281.2155190053;86.9609692957692;34613.2732533497;51.8095005057334;148.098037539167;624.971934065114;38627.251818032;174.208705267072;36939.1323189959;0.629562557398329;0;0.370437442601671;0.018410048976274;207.869624696489;830.171722997658;1215.63006728651;567493.975980776;207.799167798228;513.66095800214;1005.82591438931;455824.791580795;455824.791580795;1;0;0;140733.215830896;305332.713691926;0;0;15120;0;4178.956403341;23790.460171242;80.0680712944543;21537.4994697693;58.5934673860086;99.8457953222585;176.783573600907;57443.0960608907;161.201361353607;24574.520845276;0.671370142723468;0;0.328629857276533;1.90788202770742;363.939048991579;1390.50893602266;1911.73286352984;455824.791580796;269.61176745244;764.40693503468;1640.32571743019;477198.778180976;477198.778180976;1;0;0;138942.526346927;331018.895442113;0;0;15408;0;4261.79878253549;32520.4212440159;123.950355807913;30476.6761715508;79.1065734548009;187.64349597805;78.5402567723883;36203.239252332;228.31197545685;43970.8696712261;0.687410846238312;0;0.312589153761688;1.09366996936984;326.136781700656;1739.02496551001;2384.18784504721;477198.778180975;325.360662162049;888.875724154903;2067.26485087465
2002-02-24;524950.899411514;524950.899411514;1;0;0;220043.703808911;239286.556910666;0;0;28624;0;5901.41123116325;31660.0241653779;75.0255976459945;31543.6889875623;47.6502473099744;103.536748752787;572.822329715643;33952.0286054839;153.930259143554;34034.1449734468;0.628097532131035;0;0.371902467868965;2.90979566678078;207.968455273077;909.644632355595;1216.18934618007;525362.027925858;207.936554494652;463.951676175595;1071.87036538856;415555.070681892;415555.070681892;1;0;0;137380.754151769;269756.830817083;0;0;15120;0;3855.49337567175;23062.2505715573;67.4212784388983;21865.5550205573;62.7494529800565;103.453315852461;149.44859826479;51170.7128198112;140.629446774898;23333.2221476671;0.671979012744221;0;0.328020987255779;1.64212169376703;271.620266544581;1417.10199521719;1813.81580966121;415555.070681892;269.722073289563;867.355079603797;1580.61981990883;453648.430320527;453648.430320527;1;0;0;135739.152543184;313171.148371615;0;0;15456;0;4227.66228813934;30186.6004435838;123.179006165749;28750.5597409625;77.6489216598488;182.287946542037;71.4920999565015;34520.9560497313;223.798360704983;46587.7544335503;0.687435565290557;0;0.312564434709444;1.04421350758903;326.973832109343;1383.28636432731;2085.14589307655;453648.430320527;325.427063634039;921.943469879009;1779.68343201525
2002-03-03;509189.360555694;509189.360555694;1;0;0;242097.234066045;279341.817133086;0;0;28640;0;6035.67359634635;36337.4371695382;84.270717789453;33399.4592354428;51.3287448950319;128.738877743074;597.496480322376;35155.9350940524;151.45914129372;35869.0179900129;0.62649458364845;0;0.373505416351551;0.0283626839641405;208.196493826676;878.541380008474;1196.63435213326;559539.202059487;208.165683825205;508.985673205816;1033.81847492885;500487.695725826;500487.695725826;1;0;0;125946.357053983;365723.774572136;0;0;15168;0;4445.2397011466;29959.909546899;82.3990135739296;28878.0396470994;84.1686918476149;131.344485288683;167.878668930088;59114.6441634511;157.221300419572;28671.5618239099;0.672709023106932;0;0.327290976893068;1.53635620279473;393.730913201739;1464.09730825394;1941.94011456216;500487.695725826;269.795238937509;883.208893235998;1665.27887517558;482302.121600023;482302.121600023;1;0;0;141878.909121576;336848.90794609;0;0;15472;0;4323.21622893046;30690.008721006;135.467080024903;30421.5968445554;83.360463439969;197.574250504895;72.5112858388805;36469.733276356;239.993572468127;54851.9115503215;0.687533895906024;0;0.312466104093976;0.991495901597817;325.614949433736;1947.29572814354;2544.35453805821;482302.121600023;325.466931754876;837.56926181999;2354.76046519203
2002-03-10;530849.943276648;530849.943276648;1;0;0;253237.423471923;313313.036977631;0;0;28576;0;5917.00316002292;33974.8534558633;78.858028904386;30405.2179579018;54.1566735876224;128.771830044276;523.596739927914;31509.1033139483;136.578772168477;32048.4019797463;0.624957190077436;0;0.375042809922563;2.81506812452046;208.368492257612;830.698167570788;1292.88961241712;504695.619304515;208.316039899838;379.901617433692;1022.74607439279;379873.190784758;379873.190784758;1;0;0;117481.883033223;254226.454958268;0;0;15168;0;3791.71467997511;23746.1284518489;64.8976735510067;23433.2547418395;49.5244870075866;103.29453088024;122.354671142763;42560.0361839896;125.598813961711;22302.8934090354;0.673610815568872;0;0.326389184431128;1.4700712191263;271.077152717893;1276.32639696455;1702.15052448777;379873.190784759;269.806233282149;695.340251088064;1429.61631551645;401985.201018788;401985.201018788;1;0;0;138911.381596975;260204.265849481;0;0;15472;0;3782.13843266268;24570.454721821;118.880226731615;25053.9908541586;70.2151247452878;167.68266481876;56.529611764937;30352.1643663265;202.099750664971;51294.3505264742;0.687562631669045;0;0.312437368330955;0.812187300810713;325.480356324551;1964.00281393665;2696.14378451208;401985.201018788;325.477766134801;737.790297326858;2397.9417772418
2002-03-17;506903.595539952;506903.595539952;1;0;0;215841.74325834;274845.115164993;0;0;28512;0;5419.83866274384;33336.1104160201;72.7241734534852;28713.4595498481;49.0612454898305;109.497491820376;483.719800399445;29493.2991216517;128.309090646445;29974.0967906909;0.623750146204639;0;0.376249853795361;1.60625589233527;208.482846425295;840.464620033801;1185.244357676;473767.859205561;208.462031773549;481.687335643517;1048.82253548855;444974.198636773;444974.198636773;1;0;0;147654.783370349;270923.907837792;0;0;15168;0;4274.24710571131;32853.6367698464;88.0137537974859;33818.5500461791;58.5167529575488;127.804445279573;159.190038136742;31545.0546736227;170.779738959524;30611.2975757351;0.674967108729683;0;0.325032891270317;3.25084453803102;368.428958314585;1123.11087639734;1847.21684771972;444974.198636774;270.890155046399;702.544348697357;1345.96386612153;442600.397146453;442600.397146453;1;0;0;131036.326069266;308913.03239605;0;0;15472;0;4376.42731155528;25831.8526478425;134.948469330196;26983.9187804754;77.1587834089163;188.192285966037;58.2928390899031;32921.0272458766;224.859525496581;64389.055035673;0.687678089089899;0;0.312321910910102;0.0255136488410658;341.988226203446;1339.15560909926;1832.91128478043;442600.397146453;325.508290266623;729.74809600438;1595.01627029649
2002-03-24;446969.731534562;446969.731534562;1;0;0;204090.701457861;243967.628161392;0;0;28400;0;5329.38827050613;33321.7219785157;78.9657936025138;28378.3076177782;42.778477864284;106.606001562788;474.30596945168;29014.9135960672;128.459762707186;29524.2273597274;0.622638753531195;0;0.377361246468805;0.811119973476084;208.564098790485;778.764583515581;1080.88785472713;466507.393651043;208.549043993188;455.74649534624;923.615481619069;413664.315010064;413664.315010064;1;0;0;157135.081440524;235848.532418053;0;0;15232;0;4257.65879394919;29421.2710773817;78.2299562681813;30970.5217724428;50.5883223173481;118.013382812569;140.620372798558;31876.5848750687;150.917509063581;27672.0801527054;0.674660910782667;0;0.325339089217333;25.0058089920653;353.134950795644;1006.71868001554;1350.45569128691;413664.315010064;281.076626817298;566.202353268476;1075.39687298418;468429.93553405;468429.93553405;1;0;0;100767.29398023;363039.383969848;0;0;15440;0;4274.84125303832;25783.9550548449;149.765177311078;27874.58941426;82.2644955198883;196.615817854196;57.1565895552613;34118.4110990091;241.275363302263;78307.9475205544;0.688775315183869;0;0.311224684816131;0.0017751708562308;325.52303378896;1386.14118366378;3187.35870532158;468429.93553405;325.523931153452;952.779269474814;2815.372979395
2002-03-31;452694.855623122;452694.855623122;1;0;0;168891.794724848;256518.116689199;0;0;28336;0;4928.84721639566;30507.407477539;78.3808540634938;26041.3523472615;37.3820661503134;101.844590686016;426.248366732427;26301.3531433668;118.483182945437;26949.19652896;0.621996607234382;0;0.378003392765618;1.1880624307297;208.624875799816;933.101384822258;1325.72265994314;425831.001942399;208.616069958694;456.10389727319;1151.40908198315;341336.624389249;341336.624389249;1;0;0;118498.369918724;212838.436843363;0;0;15264;0;3881.04303528449;23626.3798361632;66.2219031662061;24432.3968383301;48.3082931799316;108.283986117781;110.560111969929;28168.0384756454;127.562127004092;22483.9079069718;0.674108682681787;0;0.325891317318213;2.07959198509175;350.053284912744;763.416243552025;1006.06677489534;341336.624389249;262.876205171664;491.01693169003;829.609199150792;591560.823976242;591560.823976242;1;0;0;95155.4563661556;493326.284667934;0;0;15440;0;4947.01366477507;30819.0493261843;199.942898169508;34434.7242919909;103.168960080249;238.967500316952;66.7400097876815;41416.0736940509;311.447078965986;112204.036830012;0.690297742464818;0;0.309702257535182;0.531504044086966;331.529628872107;2065.03629817195;3044.74990879255;591560.823976241;326.384615100372;1291.22681773938;2564.23186131511
2002-04-07;0;0;0;0;0;0;0;0;0;0;0;0;0;0;0;0;0;0;0;0;0;0;0;0;0;0;0;0;0;0;0;0;0;0;0;0;0;0;0;0;0;0;0;0;0;0;0;0;0;0;0;0;0;0;0;0;0;0;0;0;0;0;0;0;0;0;0;0;0;0;0;0;0;0;0;0;0;0;0;0;0;0;0;0;0;0;0;0;0;0;0;0;0;0;0;0
2002-04-14;0;0;0;0;0;0;0;0;0;0;0;0;0;0;0;0;0;0;0;0;0;0;0;0;0;0;0;0;0;0;0;0;0;0;0;0;0;0;0;0;0;0;0;0;0;0;0;0;0;0;0;0;0;0;0;0;0;0;0;0;0;0;0;0;0;0;0;0;0;0;0;0;0;0;0;0;0;0;0;0;0;0;0;0;0;0;0;0;0;0;0;0;0;0;0;0
