period;M0_EUR;M1_EUR;M2_EUR;moneyCirculation_EUR;moneyVelocity_EUR;keyInterestRate_EUR;priceIndex_EUR;creditUtilizationRate_EUR;M0_USD;M1_USD;M2_USD;moneyCirculation_USD;moneyVelocity_USD;keyInterestRate_USD;priceIndex_USD;creditUtilizationRate_USD;M0_YEN;M1_YEN;M2_YEN;moneyCirculation_YEN;moneyVelocity_YEN;keyInterestRate_YEN;priceIndex_YEN;creditUtilizationRate_YEN
2001-02-04;0;461709.120393912;451327.798699821;1226273.5289389;2.71703522909852;0;8.74094308681086;0.82771942323645;0;560641.158326992;560641.158326992;1305948.58316128;2.32938406994299;0;11.9286318812261;0.907506765300933;0;610215.450067043;610215.450067043;1538223.71159145;2.52078788143179;0;9.49474844051569;0.941926759973912
2001-02-11;0;352316.286996374;377355.239725243;714345.799390142;1.89303267634568;0.00490956874758725;12.7988844275765;0.745694968493838;0;600046.71340015;600046.71340015;1307779.67894193;2.17946311468223;0.028713242892338;16.4673392683573;0.943829225725101;0;638007.275933988;638007.275933988;1321486.80799426;2.07127231591477;0.0221406611591113;15.3613341128756;0.968035147420702
2001-02-18;0;302829.965757475;317866.871394729;776397.819680941;2.44252512466706;0.026364550058569;15.5372544631967;0.76976861610431;0;665535.334894565;665535.334894565;1516460.5267063;2.27855749679547;0.05;25.7332736108009;0.979451814676712;0;737082.513415462;737082.513415462;1737067.2237862;2.35667946555543;0.05;25.8013465348574;0.971587079073884
2001-02-25;0;412719.378572448;399844.619205102;1091324.38809254;2.72937119989787;0.05;20.802001065008;0.762707518912904;0;658169.518822331;658169.518822331;1308495.89499687;1.98808340036496;0.05;35.4359457306413;0.967141118846436;0;696080.149465463;696080.149465463;1486985.38194351;2.13622724780386;0.05;36.8520075664574;0.961735728487992
2001-03-04;0;450714.294206742;446621.561253447;1025694.86188557;2.29656369255204;0.05;42.8175015812385;0.766508714788497;0;605851.894644426;605851.894644426;1499646.49248734;2.47526913053145;0.05;39.927293790256;0.950013151876105;0;661283.771210959;661283.771210959;1467253.04954931;2.21879488568491;0.05;42.8317277867993;0.944781493016624
2001-03-11;0;491812.700151269;461433.581615214;1117813.44080794;2.42247960561327;0.05;58.6332197730844;0.851544648592115;0;621982.691761468;621982.691761468;1398778.6356542;2.24890282990484;0.05;38.7480614963496;0.928965282824195;0;689564.340468217;689564.340468217;1453905.84419315;2.10844116910968;0.05;42.9152602065598;0.919403801826942
2001-03-18;0;484913.343707901;503345.472651649;946690.425240013;1.88079654367963;0.05;60.1978290577493;0.868206047837205;0;592579.675724694;592579.675724694;1362437.81869287;2.29916393441384;0.05;39.9531702180034;0.901623678959577;0;677062.822290976;677062.822290976;1492772.66148715;2.20477718217647;0.05;41.1329190110738;0.900142866267973
2001-03-25;0;504014.727072558;477662.546585115;1163202.67327101;2.43519757114501;0.05;54.4396991307541;0.864642357947665;0;604410.715967604;604410.715967604;1505935.39635285;2.49157626853453;0.05;39.7587048938059;0.881885155697391;0;673386.651242919;673386.651242919;1537451.96609766;2.28316371175442;0.05;41.8143262342577;0.872665179188779
2001-04-01;0;460187.759316902;479935.426457768;981597.845254705;2.04527065755393;0.05;59.7118906360143;0.866347977454954;0;610536.680948808;610536.680948808;1324869.97117371;2.17000880129723;0.05;39.9527922649493;0.855189772768796;0;653122.10029714;653122.10029714;1387240.12260072;2.1240134455251;0.05;43.3168379673819;0.849390699969949
2001-04-08;0;615211.342688647;592244.787884851;1225368.93589567;2.06902443206291;0.05;52.6682069195771;0.985110267679064;0;720644.867332379;720644.867332379;1309256.02871803;1.81678395013694;0.05;38.7716029389011;0.937128199558225;0;768043.62154517;768043.62154517;1539421.46492312;2.00434118810344;0.05;41.390549506724;0.921066326366029
2001-04-15;0;586752.708738421;604429.699727568;1207548.57654726;1.99783130625702;0.05;45.4284720285902;0.97544538395708;0;722784.184535649;722784.184535649;1464142.86514298;2.02569853694795;0.05;36.4280794981738;0.940483997201024;0;764669.013384899;764669.013384899;1579420.79801585;2.06549601248305;0.05;38.3306842932226;0.935453541869117
2001-04-22;0;583781.964071926;606690.083121673;1234414.22728983;2.03467019097833;0.05;39.8353440836815;0.942174738885104;0;722983.920488443;722983.920488443;1302907.50407036;1.80212514711271;0.05;33.9473545622451;0.925623937932839;0;709220.300057903;709220.300057903;1722392.82934325;2.42857237617512;0.05;35.0216549838788;0.903556140295084
2001-04-29;0;513152.888852936;590988.833381742;1057359.70020871;1.7891365123742;0.05;35.9587926794605;0.894116313866041;0;696477.028131467;696477.028131467;1686154.99881162;2.42097719049729;0.05;31.3514611640147;0.888505027610534;0;710704.104888874;710704.104888874;1457413.80990711;2.05066187163079;0.05;31.5829151786489;0.842299862813782
2001-05-06;0;531934.784257673;492882.059561256;889055.836758965;1.80379021616321;0.05;36.4131994979487;0.865977299042484;0;655585.40198461;655585.40198461;1320854.7290907;2.01477141664864;0.05;29.9337886682653;0.852358889902858;0;801843.894117356;801843.894117356;1580716.52286443;1.97135194825476;0.05;31.5135409379343;0.797358817069365
2001-05-13;0;524877.373100075;488440.244282836;1034550.67577909;2.11807009739357;0.05;35.0954586425614;0.864069344861872;0;581726.085426531;581726.085426531;1545744.00711344;2.65716811715616;0.05;28.3095149650837;0.724122116393793;0;704003.463153774;704003.463153774;1501778.85440553;2.13319810626769;0.05;31.4198768618691;0.755091366759893
2001-05-20;0;473042.163237866;454434.837627112;788792.861530489;1.73576670672801;0.05;32.3767714274122;0.823949075603242;0;542884.871256205;542884.871256205;1285976.31915459;2.36878275163371;0.05;27.2316649940818;0.630864797943451;0;584803.838161464;584803.838161464;1260395.40843283;2.15524476103873;0.05;29.8572360542142;0.67150700178228
2001-05-27;0;445842.353894426;445887.018118329;1077888.85436753;2.41740353625071;0.05;32.2168230899611;0.7983190325247;0;554659.973006587;554659.973006587;1359434.76580093;2.4509336024952;0.05;28.4802335491546;0.584210417647317;0;605869.444649591;605869.444649591;1454625.11700233;2.40088872255907;0.05;29.8396080493566;0.617936495851769
2001-06-03;0;487082.239087194;422917.876380002;806336.688318308;1.90660346453124;0.05;33.3681974469858;0.856471099480796;0;542559.304843502;542559.304843502;1309121.28050865;2.41286301575136;0.05;28.4174159881041;0.571718873287253;0;574181.895933867;574181.895933867;1259326.81069783;2.19325412315486;0.05;29.8291844481585;0.53153648818236
2001-06-10;0;561827.686477901;540369.081335249;1023528.87903753;1.89412924312472;0.05;29.8672964568565;0.980474649298368;0;638125.288358626;638125.288358626;1328599.0464435;2.08203478326474;0.05;26.7177577319345;0.728712113316192;0;719197.382645097;719197.382645097;1506081.04706753;2.09411363752242;0.05;28.5488048035965;0.670761359482652
2001-06-17;0;519788.257487897;518985.862356256;958494.827097037;1.84686115098658;0.05;26.2509341905685;0.877888130120807;0;636049.760581723;636049.760581723;1109096.40854737;1.74372584863959;0.05;24.5646974567985;0.72955656116045;0;754152.261298088;754152.261298088;1397551.20143579;1.85314196238072;0.05;26.6753617383553;0.710274022643053
2001-06-24;0;481221.487384185;445712.690312611;1082131.27726997;2.42786732527402;0.05;23.1482988396264;0.717646062044319;0;586950.069333285;586950.069333285;1242672.76109547;2.11716945958797;0.05;22.3526258745367;0.681177854082212;0;668168.866369011;668168.866369011;1500476.85252484;2.24565514505157;0.05;24.7420204928039;0.643638882251945
2001-07-01;0;485022.151590422;484660.663469408;1084779.95572252;2.23822570612023;0.04867145333456;21.506833384135;0.643979712088143;0;504394.146798819;504394.146798819;1126387.79245713;2.23315000700513;0.0484837753403859;21.1834225037214;0.601254628755196;0;611635.906233959;611635.906233959;1569790.60982446;2.5665442362437;0.05;23.1118705579374;0.573523506060337
2001-07-08;0;523075.831989;509705.519708831;1177956.14406637;2.31105235968266;0.045463428444037;20.2630198497125;0.587848941597889;0;314868.169311094;314868.169311094;828259.642417704;2.63049657966338;0.0440710416658459;19.9602717107327;0.559908238480115;0;602990.32336883;602990.32336883;1335194.5150163;2.21428846081101;0.05;22.2007833756462;0.520462668590304
2001-07-15;0;675632.333007752;630174.80880502;1292020.96516987;2.05025803494095;0.0438280641375562;20.1222632997026;0.627736759816709;0;281427.723647837;281427.723647837;692855.829746785;2.46193168450521;0.0422855040328448;19.5091784811514;0.463655505293581;0;497487.196003101;497487.196003101;1054351.84899585;2.11935474413551;0.05;21.7518943299271;0.432413307182711
2001-07-22;0;645078.970609933;653213.902583808;1515023.66312543;2.31933775005815;0.038519931337366;18.826927307912;0.654690598855975;0;251897.108757923;251897.108757923;741852.161715711;2.94506024850266;0.040781217791202;19.1460820709364;0.592419191281353;0;412199.454249989;412199.454249989;994212.337756373;2.41196907833218;0.0493002649667553;21.4531115995849;0.454891336753186
2001-07-29;0;620971.787947551;629465.596078032;1316770.78599782;2.09188682304821;0.0350732534941034;17.8758457641881;0.60325272983281;0;288920.280545901;288920.280545901;836451.080858329;2.89509299685676;0.0436095168241828;19.8625872750462;0.449904900533272;0;339763.51942551;339763.51942551;1038045.72731917;3.05520065566296;0.0484797895794145;21.2151590458114;0.443322670903182
2001-08-05;0;626893.082422129;626226.50256928;1172593.85663684;1.87247561677113;0.0346067881063915;17.8345476955135;0.619706801238662;0;313896.653144736;313896.653144736;824919.377967715;2.62799672982607;0.0460639973827848;20.5290750071961;0.502383420488772;0;510367.908413176;510367.908413176;1113524.21541744;2.18180688295935;0.0481889142247772;21.1365380021139;0.523334303714638
2001-08-12;0;589885.204158722;601242.789196833;1246309.92084279;2.07288959341643;0.0274132970710048;16.5786105709536;0.656048917092392;0;363620.082826088;363620.082826088;894583.056191956;2.46021355377067;0.0402402195783598;19.0374279965095;0.605659217119841;0;557911.008045848;557911.008045848;1269368.1446451;2.27521616591008;0.044540532508608;20.1223402082396;0.654831167429951
2001-08-19;0;589146.526210576;539218.657593451;1102578.73951417;2.04477112204354;0.0191535845701457;15.2805062512128;0.672198599264224;0;366713.238320019;366713.238320019;923264.278558663;2.51767370817674;0.0340760426593613;17.6784735845644;0.560217261442507;0;579348.891088839;579348.891088839;1348475.30967798;2.32757036462714;0.0410289108988716;19.2349431598002;0.695874562543448
2001-08-26;0;601063.581660421;581080.3302565;1427000.65597071;2.45577174388402;0.0135624360302716;14.3779778486743;0.660407387630272;0;361526.595878322;361526.595878322;1153950.86602964;3.19188374848644;0.0327641632735322;17.4193061072572;0.53647399658722;0;623544.288736831;623544.288736831;1310823.85510721;2.10221451592903;0.0383179971058181;18.6037032592071;0.663582533273334
2001-09-02;0;571297.881051508;631776.367012157;1161515.37402099;1.83849133121917;0.0115257418280257;14.075936668095;0.640653752768153;0;330451.134325578;330451.134325578;915732.699131002;2.77115919423285;0.0299591750084091;16.8831313677586;0.536972195367183;0;579574.085712931;579574.085712931;1220876.05228003;2.10650559156425;0.0366993661849632;18.2492138075422;0.650893929938392
2001-09-09;0;667909.810577562;580396.993333643;1040136.22712595;1.79211167368681;0.00596338451779386;13.4200281897384;0.615831410061181;0;264357.049146403;264357.049146403;770081.948654479;2.9130373150292;0.0280204489065115;16.5330268697931;0.535431530349791;0;607225.96343617;607225.96343617;1307256.29075447;2.15283332642262;0.0359965728536462;18.102837483651;0.638053618639609
2001-09-16;0;636701.525798868;604908.015090209;1329046.5117114;2.19710514418164;0;12.6983867309187;0.591048253414267;0;304280.4609077;304280.4609077;860873.188756686;2.8292095594591;0.0241734760592927;15.8753929546144;0.521187765619696;0;646759.864169353;646759.864169353;1274366.36890243;1.97038567094624;0.0340741613955245;17.7046130446989;0.648990712827327
2001-09-23;0;492214.510987257;576860.518420631;1329790.10890938;2.30521948797982;0;12.1973296953273;0.568767488927417;0;334904.99879451;334904.99879451;1022483.14026287;3.05305428089548;0.0220179747367153;15.5321045087347;0.515314959765136;0;625666.089184371;625666.089184371;1535506.60403819;2.45419502604002;0.0329602919829485;17.4847445038382;0.671050384856618
2001-09-30;0;558239.119893602;500234.317410927;1116979.02392732;2.23291162771176;0;11.9599507679924;0.573461215411878;0;363454.113233367;363454.113233367;851718.129673768;2.34339934165746;0.0207483036735128;15.3392883552547;0.518827257951663;0;640806.173739879;640806.173739879;1513908.65637068;2.36250635279494;0.0323054347299365;17.3608294312382;0.675328892328957
2001-10-07;0;555017.121799327;550362.043191825;1242230.30309088;2.25711478191077;0;11.740479893019;0.584518707035132;0;456958.411772584;456958.411772584;856308.19640373;1.87393026223553;0.018598724536029;15.0201981631082;0.578263343210779;0;666403.900752651;666403.900752651;1456928.33597489;2.18625421359239;0.0301141663256713;16.9444637625445;0.765708962424139
2001-10-14;0;500394.901122476;574593.675540419;1247953.0230536;2.17188785080148;0;11.5660812747885;0.573917207653021;0;569201.087384936;569201.087384936;1156739.6549713;2.03221617211884;0.0153926786591614;14.5654296971207;0.680906851596701;0;717145.875574003;717145.875574003;1434647.26877455;2.00049573962376;0.0263694986216877;16.2730153354388;0.878354448690953
2001-10-21;0;589815.053274461;546189.84133369;1280706.64769004;2.34480129575974;0;11.4014546803002;0.574069810038408;0;633086.104009522;633086.104009522;1324843.46204877;2.0926749989585;0.011313878725468;14.0241817469716;0.752768076899535;0;680194.660770596;680194.660770596;1595528.34830631;2.3456937261147;0.0223390986821021;15.6074119484713;0.887398454936249
2001-10-28;0;618651.354729516;613855.204348653;1475365.33639992;2.40344192889168;0;11.0451838791684;0.565807926562001;0;668917.836611955;668917.836611955;1438021.35924915;2.1497727830561;0.00652354224069865;13.4373004019486;0.821085988910831;0;691855.665034857;691855.665034857;1521410.27140732;2.19902842210689;0.0176021222662098;14.8911020931989;0.858865614621244
2001-11-04;0;501012.78642241;603500.029940666;1345613.78220033;2.22968304132914;0;10.8072258504315;0.565114124813723;0;728083.423139646;728083.423139646;1335303.89722934;1.8339984880733;0.000608640175373026;12.776092044483;0.860442636334786;0;724829.490661723;724829.490661723;1483943.89440273;2.04730065970134;0.0123211381265649;14.1657793915793;0.843009571484407
2001-11-11;0;517008.076046668;466739.91355107;1192646.27698186;2.55526952453652;0;10.6715404861365;0.567148961912771;0;813711.652293886;813711.652293886;1858891.65122081;2.28445991400089;0;12.1252522856495;0.883451413590969;0;719531.231874197;719531.231874197;1636719.1434698;2.27470201565338;0.00658888047107453;13.4549270133919;0.801153246344353
2001-11-18;0;400489.423943909;439922.661776735;1052627.97589959;2.39275688060329;0;10.3731280018576;0.576997007982523;0;935968.063267272;935968.063267272;1836657.80548021;1.96230819999223;0;11.3940618293233;0.910796539254988;0;705943.032933091;705943.032933091;1646071.92937021;2.33173478960621;0.000701931676045486;12.7958624188014;0.746883331877287
2001-11-25;0;271294.426819944;339335.402102663;882474.947660534;2.60059793995072;0;10.0553344894665;0.58562010704334;0;1006453.14672831;1006453.14672831;1821284.44571501;1.80960678759412;0;10.6619256938549;0.931577201565607;0;716655.186868453;716655.186868453;1321958.60652942;1.84462295222608;0;12.2021606966417;0.736250337477254
2001-12-02;0;377450.137668991;260529.089231918;999343.16899641;3.83582183449317;0;9.78636851738636;0.595118645678914;0;993076.099705132;993076.099705132;2081809.83733418;2.09632457970977;0;9.93565066057069;0.927781477842707;0;682677.229117483;682677.229117483;1375060.63585332;2.01421781363779;0;11.7898268736491;0.727229635609803
2001-12-09;0;348480.096859263;317260.786021315;897547.513404616;2.82905279489636;0;9.53240689317038;0.563641838000842;0;916592.942225787;916592.942225787;1844463.25177474;2.01230357206961;0;9.18090652113732;0.909520825273796;0;692751.287476706;692751.287476706;1288527.90659889;1.86001517412152;0;11.548610485295;0.710841326185081
2001-12-16;0;347578.003264364;348091.575232983;842562.114198666;2.42051854784111;0;9.41304957619571;0.574692021892891;0;839970.180833396;839970.180833396;1829069.21307003;2.17754064942552;0;8.43876232963892;0.889390938185371;0;675400.276592688;675400.276592688;1305327.24228952;1.93267205763483;0;11.2640482047442;0.695588946875475
2001-12-23;0;459640.763821449;402000.797491942;920946.704490334;2.29090765549736;0;9.45664211826964;0.57471167784857;0;823711.197814474;823711.197814474;1563773.51774479;1.8984487790064;0;7.69302406905858;0.801124912264015;0;649925.030726754;649925.030726754;1374352.73179309;2.11463271426286;0;11.0394572746568;0.69320202987702
2001-12-30;0;440469.544143369;467675.214885364;1179786.78503762;2.52266262458832;0;9.51641541965349;0.558477345912018;0;786878.191254251;786878.191254251;1588399.45744753;2.0186090745706;0;7.1737544345026;0.828472626990295;0;706029.670636393;706029.670636393;1354740.32225254;1.91881499970308;0;10.8958203542405;0.693435160423242
2002-01-06;0;429869.877915524;441495.896325058;1034845.31185126;2.34395227784709;0;9.41766351570317;0.552692395850232;0;770689.886028486;770689.886028486;1706302.94492081;2.21399420941375;0;6.94724432834719;0.816244256503699;0;691308.999935751;691308.999935751;1368985.43053055;1.98028006384668;0;10.8281076728573;0.697039735563601
2002-01-13;0;408730.658024566;387531.237132361;945676.800814161;2.44025954607413;0;9.2404725852451;0.539284595301428;0;825829.718493049;825829.718493049;1746069.73280921;2.11432174661308;0;6.52350017149326;0.793159138192672;0;724023.07536864;724023.07536864;1382384.79881803;1.90931041543694;0;10.8124599512313;0.696236820886492
2002-01-20;0;369381.312301321;370685.89555393;1036643.07566009;2.79655386971493;0;9.01521262539161;0.535455358515177;0;838091.893405028;838091.893405028;1525171.78436503;1.81981450526686;0;6.03637828015103;0.719143694354935;0;661018.618962221;661018.618962221;1415081.71893378;2.1407592439006;0;10.6675326947259;0.682029770567959
2002-01-27;0;397407.565628622;441348.682267114;1208730.04906625;2.73871906189289;0;9.15146101026148;0.581710827244115;0;719984.695046736;719984.695046736;1554115.31535817;2.15853937736453;0;5.62139607324743;0.67427661706683;0;680387.79326136;680387.79326136;1615795.5359214;2.37481558594147;0;10.6437490384308;0.694387311446161
2002-02-03;0;314937.617861414;397084.775621629;1055610.16499495;2.65839999365982;0;9.50107028581166;0.444309318480849;0;687238.581676025;687238.581676025;1349711.83075187;1.96396399553154;0;5.29743642714852;0.656632474996504;0;644991.697977316;644991.697977316;1405554.4457791;2.17918222852619;0;10.7397930663726;0.689567238516331
2002-02-10;0;320295.72235312;310162.793404221;659674.931677177;2.12686674773867;0;9.79534192476516;0.404087187534814;0;677604.937104645;677604.937104645;1077338.49534702;1.58992125994596;0;5.4234892531819;0.470033669085611;0;708648.701704585;708648.701704585;1466141.18828058;2.06892524427678;0;10.9575796845109;0.786564428426004
2002-02-17;0;332903.331033767;333139.474049396;963824.171901158;2.89315511063767;0;10.0469000057522;0.375105493324039;0;604716.248820562;604716.248820562;1076767.93102168;1.78061683164923;0;5.99281470843643;0.379792985975836;0;681615.931061078;681615.931061078;1545382.35288405;2.26723332372578;0;11.7063263793372;0.806596476851124
2002-02-24;0;397648.155183493;399502.811550439;933480.414085451;2.33660536821427;0;10.0762530454061;0.351225843193598;0;528914.8708024;528914.8708024;1071742.82975725;2.02630496686799;0;6.78073957154947;0.387808889663552;0;646416.191986203;646416.191986203;1323413.78132968;2.04730914500039;0;12.073950373714;0.774583020833031
2002-03-03;0;596287.544242482;579052.094698111;1069487.15576812;1.84696189783355;0;10.5838124868829;0.385964078784935;0;372393.697317203;372393.697317203;777993.120150653;2.08916833382377;0;7.39952515706035;0.516179457968092;0;650697.149678371;650697.149678371;1407355.62239871;2.16284276501649;0;12.6262370187078;0.75163302678472
2002-03-10;0;744822.967554346;734261.435589672;1451475.74491661;1.97678330164645;0;10.8024441123445;0.4198326414815;0;339968.832760892;339968.832760892;782489.212580521;2.30164984897561;0;9.36098073997639;0.621601097108705;0;733321.396242102;733321.396242102;1584030.81603779;2.16007718328571;0.000696323889339916;12.8719489909843;0.698928061630031
2002-03-17;0;708953.468744487;722024.83884211;1441460.81024172;1.99641443437506;0;10.6238701745614;0.471178518027327;0;243024.781655627;243024.781655627;541310.632107295;2.22738861617145;0;8.91774264297967;0.494335461823712;0;827150.065475365;827150.065475365;1662114.64504206;2.00944751674152;0.00431576500137254;13.2797192865985;0.639520708977184
2002-03-24;0;648941.47200361;685932.884874497;1224513.02285761;1.78517906031238;0;11.5673061892673;0.46529692055713;0;243712.945450503;243712.945450503;675772.762350772;2.77282259709925;0;8.36626955150592;0.488694610078211;0;853118.269427779;853118.269427779;1682210.8854702;1.97183783978571;0.00596983788174799;13.4774648343152;0.642239049694649
2002-03-31;0;497675.271112078;544047.869980905;1137289.76803902;2.09042224184967;0;12.1283063910119;0.462126967645042;0;348514.721554745;348514.721554745;812788.25023496;2.33214897381971;0;8.1914254338416;0.473582716055031;0;886339.076612263;886339.076612263;1586207.59943998;1.78961713558059;0.00533424192151021;13.4078460657885;0.637109402193237
2002-04-07;0;575135.380976014;498021.980517003;1199142.30264788;2.40780999546051;0.00176411566027193;12.7483966817869;0.550393564906045;0;526647.05398115;526647.05398115;955481.345608632;1.81427264879912;0;9.24243082896803;0.80702818942217;0;817969.586459552;817969.586459552;1700466.22942646;2.0788868652032;0.00437553705903037;13.3010708503466;0.615046504932258
2002-04-14;0;794761.721933742;800334.170418887;600436.105281059;0.750231750028612;0.0104583354724695;14.0333707919054;0.866128681225171;0;483775.528221066;483775.528221066;962029.300466872;1.98858611969158;0;12.1264748635168;0.687917681376731;0;858210.898333091;858210.898333091;1673429.72612546;1.94990500514009;0.00542902269758246;13.4284662937232;0.590409156679782
2002-04-21;0;804358.7469017;801676.425408548;743473.032834999;0.927397899290992;0.0242178450806631;14.9505087954732;0.872944345773359;0;473210.833246686;473210.833246686;1116373.18311183;2.35914544781746;0.0270460532251229;16.5576169025429;0.591794451867409;0;875290.754578188;875290.754578188;1517457.29097094;1.73366082417061;0.00579215450394417;13.476270685195;0.578889839060693
2002-04-28;0;772062.644709474;773963.796352061;997932.943721756;1.28937935911904;0.05;20.523874963838;0.851446521451919;0;450655.772067075;450655.772067075;1066338.30445362;2.36619249224862;0.0446525068744846;20.4343782353354;0.596908106492703;0;837665.043663263;837665.043663263;1745341.7703573;2.0835795686598;0.00478026473546734;13.3629813510348;0.569966275817211
2002-05-05;0;781758.368205471;774199.086603362;1247085.56972541;1.61080733793777;0.05;27.2734748139383;0.933349418083853;0;480273.623986095;480273.623986095;1087500.4513947;2.26433515621543;0.0455289868999657;20.6828800048732;0.57869263194636;0;853372.461689439;853372.461689439;1619048.91116528;1.89723594778301;0.00385725868398351;13.2619138341015;0.559115345518191
2002-05-12;0;649262.512012639;648859.081342353;1413121.14717705;2.17785523515152;0.05;34.1270252089425;0.886406590777728;0;534456.897643822;534456.897643822;1060170.29554929;1.98364040247791;0.0412582002533887;19.5684930504652;0.547544686028391;0;862798.759407778;862798.759407778;1446886.16874228;1.67696829992595;0.00312527663471519;13.1838460597406;0.545614886451677
2002-05-19;0;705512.491232095;708536.940045075;1361180.21470358;1.92111397130117;0.05;37.9155029767825;0.825686782922509;0;538010.146770378;538010.146770378;1008739.54003488;1.87494519590429;0.0437868595452739;20.2254058192459;0.547678128205427;0;855821.844941712;855821.844941712;1540488.07369635;1.8000102273637;0.00274662777750921;13.1462461611006;0.542888533158475
2002-05-26;0;890431.973094525;860809.141875365;1497137.69226395;1.73922141324182;0.05;36.9129640120602;0.841630040886426;0;630356.024534532;630356.024534532;1170485.12450834;1.85686354845685;0.05;22.2228854123507;0.54999324513824;0;652264.593964715;652264.593964715;1284743.34424067;1.96966592411755;0.00215747334814574;13.0854715322339;0.542077168122746
2002-06-02;0;1034056.6603823;1005445.49420562;1763095.12649209;1.75354620081626;0.05;34.3791758664818;0.896907075798322;0;686721.76747167;686721.76747167;1303447.76292229;1.89807258873014;0.05;24.9626189363521;0.619362546341594;0;638020.628640254;638020.628640254;1301265.39091705;2.03953498132232;0.00154070689541493;13.0222654609356;0.535036357483185
2002-06-09;0;1185903.03740832;1136727.3341356;1920261.39982383;1.68928936795916;0.05;30.7951090673937;0.998185056791657;0;1014221.14724349;1014221.14724349;1868519.25790979;1.84231936297932;0.05;22.5496750704396;0.939070069055917;0;799273.268043662;799273.268043662;1711949.59925344;2.14188271733857;0.000873053840969123;12.9536189691483;0.597289318526081
2002-06-16;0;1095229.74507849;1053271.06532942;1961932.74019854;1.86270448774259;0.05;26.9832565930794;0.98995032389537;0;1020084.00117561;1020084.00117561;1853556.36344461;1.81706247849044;0.0371379002796132;18.6298489664735;0.974499777752289;0;827495.342140579;827495.342140579;1855538.19705473;2.24235485393161;8.06515090070771E-05;12.8728885059913;0.620778464326255
2002-06-23;0;1145758.87293263;1121048.58633024;2057277.53727019;1.83513681954205;0.05;23.3742627383568;0.974827503218062;0;872088.430099033;872088.430099033;1811247.89942915;2.07690853004834;0.0210049789591374;15.5996909736658;0.953363415119686;0;972886.943183526;972886.943183526;1948533.24983827;2.00283626323753;0;12.7853954122728;0.628217850475826
2002-06-30;0;1124172.63128178;1086133.76521772;1788233.98848845;1.64642150511727;0.0425409726320731;20.1914604984764;0.935181874327205;0;855526.00705358;855526.00705358;1871797.48274143;2.18789080321226;0.0111130777354514;14.187884434358;0.899651383889411;0;909172.946768771;909172.946768771;1954045.25072275;2.14925582384242;0;12.6818205817355;0.66496250096512
2002-07-07;0;1120335.62710207;1107678.63052839;1816108.72543986;1.63956284375869;0.0321097514007831;17.9832305362424;0.932522294638535;0;803299.148764337;803299.148764337;1715295.23930405;2.13531315443639;0.00621861672472622;13.5828837832835;0.831171921551871;0;922213.224074702;922213.224074702;1857961.88805953;2.01467712624021;0;12.5770998583956;0.693155119558075
2002-07-14;0;1042560.08807277;1074927.20359789;2095163.18387001;1.94912099801484;0.0246305090207335;16.3797739161977;0.897499603002768;0;804036.530419736;804036.530419736;1802541.20918514;2.24186481706763;0;12.601368063593;0.771200814332092;0;978147.855504998;978147.855504998;1909071.22307616;1.95172050148855;0;12.4580150279158;0.699860627531656
2002-07-21;0;1072704.48343197;1025003.49505997;1976020.09153849;1.9278179060481;0.0213683398836683;15.7022681169179;0.866601456353364;0;702993.559560725;702993.559560725;1554593.59650143;2.21139095139484;0;12.1522033101339;0.723209239166323;0;960419.654497996;960419.654497996;2103452.09306631;2.19013853289557;0;12.3192590993753;0.704708334052839
2002-07-28;0;993156.024488704;1029929.96024531;1938068.46662349;1.88174782891245;0.0142378826509209;14.7269897620968;0.848519771154186;0;672697.288538705;672697.288538705;1305278.84615406;1.94036585012778;0;11.528255712616;0.688175804011612;0;965708.326639756;965708.326639756;1812606.6937964;1.87697117627998;0;12.1752910890127;0.694760201658436
2002-08-04;0;1112881.8036014;1020124.61357369;1861260.73121573;1.82454251809039;0.0198285844728818;15.7467291222409;0.884621777941342;0;595020.458102596;595020.458102596;1169522.60534207;1.96551662958186;0;10.7575289111229;0.624374028839243;0;1006529.72651542;1006529.72651542;2063528.72209988;2.05014185645938;0;12.0516557785107;0.733922667732193
2002-08-11;0;1142938.53136798;1158624.58793445;2400289.44376961;2.07167141865059;0.00726675206095075;13.9452527022213;0.92327586885583;0;523772.279810174;523772.279810174;1106597.82535403;2.11274606925568;0;10.6106360674411;0.553367095086529;0;981498.216015777;981498.216015777;2379181.59268658;2.42403048101754;0;11.9542670364584;0.715303516333947
2002-08-18;0;1117895.6872316;1090267.34482541;2040327.15250266;1.87140077356842;0;12.2145553209141;0.915217836927556;0;525825.435848308;525825.435848308;1085146.38981209;2.06370083269449;0;9.86202285093797;0.515433961591283;0;980963.93765061;980963.93765061;1702994.53533144;1.7360419379025;0;11.874490245353;0.682614347190726
2002-08-25;0;1114954.59763691;1091998.43278141;1961577.29639545;1.79631878353447;0;10.8706346364632;0.892539835936524;0;505360.169880801;505360.169880801;1048609.75980305;2.07497508173306;0;9.24488577933388;0.460127029933249;0;967566.091726777;967566.091726777;1786134.22582146;1.84600746253294;0;11.5268159349718;0.661749087369358
2002-09-01;0;1070003.37929935;1056993.48049221;1927649.47750852;1.82370990274307;0;9.63775111737873;0.82415711202994;0;511929.472536163;511929.472536163;900229.38481978;1.75850274913833;0;8.73851629688369;0.429507709967954;0;938676.375635638;938676.375635638;2184085.7539528;2.32677183600558;0;11.1336467856364;0.642196834787261
2002-09-08;0;940734.562833447;934331.718445566;1912551.44450783;2.04697261877153;0;8.78679190005104;0.744099862837303;0;476097.319909117;476097.319909117;942712.915051089;1.98008448195223;0;8.11232638835771;0.342881714033318;0;845625.532463052;845625.532463052;1767791.16847687;2.09051299968182;0;10.7579936131157;0.630226846239618
2002-09-15;0;731269.977269967;842129.651253192;1499756.76032237;1.78090957620427;0;8.35096127904082;0.650559011339721;0;496087.566317035;496087.566317035;1169570.2373727;2.35758829042142;0;7.47726073637668;0.289774542883844;0;913318.710727927;913318.710727927;1849282.03616151;2.02479377071736;0;10.3041615754093;0.618062258704813
2002-09-22;0;685099.678455339;674532.161074061;1444470.13566827;2.14143997725509;0;7.72486233697098;0.596525428094577;0;521376.069844641;521376.069844641;1106983.32206816;2.12319549379781;0;6.96542956149656;0.257113538833158;0;920918.46286267;920918.46286267;2068359.5510366;2.2459746811972;0;9.87631594937011;0.576862790800542
2002-09-29;0;714827.004058627;692402.731463485;1515867.31850093;2.1892855842682;0;7.49247452612042;0.565119150462693;0;482169.767720401;482169.767720401;1011929.6883201;2.09869999337432;0;6.43653106036073;0.24181940211995;0;858314.817983439;858314.817983439;1905988.30038675;2.22061679520431;0;9.58805982929354;0.553545877317965
2002-10-06;0;631997.545951165;601034.115324498;1335693.49524758;2.22232559049737;0;7.59476761874061;0.496244086377771;0;396443.752498495;396443.752498495;813391.820977915;2.05172061825089;0;6.04493996623571;0.162357335236856;0;830922.427648363;830922.427648363;1676202.73073198;2.01727944144664;0;9.88729371324695;0.565798551279741
2002-10-13;0;705957.700960779;754912.269302639;1728236.88344735;2.28932149300452;0;8.20927679430297;0.559059378735585;0;384888.180971064;384888.180971064;785077.13115319;2.03975380374752;0;5.83460079700382;0.164581256752621;0;1002485.30563688;1002485.30563688;1979045.77795539;1.97413943808194;0;10.7953766638632;0.623968782869622
2002-10-20;0;744523.039133666;715361.095551257;1454140.05013386;2.03273571791502;0;8.85889045267871;0.537744315620788;0;403099.654534808;403099.654534808;877557.064492433;2.17702261616961;0;6.04619036281169;0.186610505370159;0;904495.013691364;904495.013691364;1777523.18239358;1.96521059318976;0;11.8869233129483;0.609913796841144
2002-10-27;0;728550.970771907;691956.422030049;1471452.40612155;2.12651022416214;0;9.11843199525463;0.465439883323817;0;636252.733217901;636252.733217901;1225061.60493694;1.92543236512492;0;6.43318481147187;0.459826773289613;0;876339.420313933;876339.420313933;1912023.36158013;2.18182968523221;0;11.6753430552584;0.566709518660549
2002-11-03;0;721661.826677018;660872.855463855;1392876.05738168;2.10763090943423;0;8.81122923587975;0.440617195850287;0;803404.72968566;803404.72968566;468184.126874973;0.582750025703924;0;7.02878088612904;0.655991632381627;0;894460.412575443;894460.412575443;2061212.85586834;2.30442043816499;0;11.821189912349;0.553535346813612
2002-11-10;0;617648.482006386;617375.458181705;1225733.03324788;1.98539319469859;0;8.50984007781964;0.391131108372588;0;735151.079602753;735151.079602753;530256.514925804;0.721289173937327;0;9.9475366471275;0.705513551063983;0;982028.768092891;982028.768092891;2053368.41488206;2.09094527736669;0;11.7116645082067;0.551498652052475
2002-11-17;0;654500.208704293;673157.941572428;1336878.17250284;1.98597994607332;0;8.8099833017741;0.383269427494942;0;537906.975210947;537906.975210947;574844.340431015;1.06866868607826;0.00848738575280891;13.9575091685913;0.706371537615006;0;1105408.18988017;1105408.18988017;1937298.5051008;1.752563915155;0;11.6857897742601;0.543979135998095
2002-11-24;0;692403.1202177;680132.688586277;1224462.05831023;1.8003281989804;0;9.3509642417438;0.394785464450737;0;430430.2466178;430430.2466178;787172.976256652;1.8288049746551;0.0332462526411016;17.947601302578;0.64386721764115;0;1082528.70291443;1082528.70291443;2216287.83288559;2.04732477477854;0;11.7753197768444;0.518329873216736
2002-12-01;0;671041.605110756;686468.679346104;1321524.22379695;1.92510490799925;0;9.42010987273972;0.373625031971387;0;420172.866342388;420172.866342388;769103.271505752;1.83044487903469;0.0278281856266095;16.8989296025521;0.557070990127825;0;1101518.24591458;1101518.24591458;2823773.86799233;2.56352890972565;0;11.9399837725524;0.497776129942719
2002-12-08;0;931895.806127594;898138.070078342;1237968.52745633;1.37837217761891;0;9.68323911703297;0.66238733705293;0;592064.95900125;592064.95900125;1331945.34710834;2.24966083004674;0.0305544381940319;17.4209908783244;0.777058362891041;0;1066784.24993338;1066784.24993338;2498209.51349165;2.34181327072243;0;11.9754434945867;0.526348423040343
2002-12-15;0;957479.372038106;963178.362997982;1204430.11883839;1.25047464219346;0;10.0903541785297;0.867190223075081;0;746141.762828474;746141.762828474;1652009.63410645;2.21406938521175;0.0267733255678043;16.7206827783548;0.664784953384287;0;1032763.7847132;1032763.7847132;2103203.08451206;2.03648028294885;0;11.7981541338603;0.554202760511337
2002-12-22;0;847467.271342365;843295.584626277;1460225.0592534;1.73156967245421;0.000747119791678842;12.3703815059283;0.854295419664071;0;989546.187521561;989546.187521561;1806713.38246207;1.8257999527917;0.0227884534088267;16.0412732610164;0.582112969176889;0;858180.941756735;858180.941756735;1837624.17748124;2.14130154617456;0;11.9172439008854;0.535366768691839
2002-12-29;0;845230.441790821;830842.012686221;1589520.76034476;1.9131444198466;0.0329112385423228;17.5108501561281;0.91723093631017;0;1081309.69281998;1081309.69281998;1539478.73820761;1.42371676535401;0.0340039264806121;18.1401342234151;0.64289699086678;0;927262.011664067;927262.011664067;1927813.95460729;2.07903907456279;0;11.9171743137325;0.550819405315187
2003-01-05;0;989109.801287593;984059.832526601;1884481.59580271;1.91500713017038;0.05;23.6360581635786;0.874171269360196;0;1019107.88243374;1019107.88243374;1865536.62334796;1.83055852624049;0.047955170350325;21.6649828667759;0.678537108075824;0;879347.676924065;879347.676924065;1618663.65029517;1.84075501962684;0;12.0615747236827;0.537439682249447
2003-01-12;0;1146785.97661347;1040441.80775968;1769372.83259821;1.7005975917174;0.05;28.0297835729473;0.873818845708173;0;1013688.89305173;1013688.89305173;1938148.47830878;1.91197564814382;0.05;22.5273643343731;0.76403929204272;0;903758.124963343;903758.124963343;1740919.23914619;1.92631102399971;0;12.2379912725047;0.537122694284325
2003-01-19;0;1083725.8975679;1044056.17015655;1932377.68386979;1.85083689853588;0.05;26.3199622262855;0.907917707792052;0;958918.320570425;958918.320570425;1921918.47191653;2.00425670329591;0.0446759432526358;20.7372881137516;0.746320640810686;0;921128.906747095;921128.906747095;1662539.60677023;1.80489353291645;0;12.3201313518095;0.494487766897139
2003-01-26;0;1086266.93283785;1143290.71911527;2165598.28565955;1.89417988745276;0.05;26.0502068165038;0.928999594563565;0;918648.90103039;918648.90103039;1672547.37679366;1.82066007472242;0.0387852312309135;19.2403429041688;0.660806766954999;0;871999.373140983;871999.373140983;1727524.50969141;1.98110751326435;0;12.2177711608003;0.479366356976893
2003-02-02;0;1033376.17926298;1143918.04596923;1918591.00465017;1.67721019124632;0.05;25.6681409856052;0.914256351245818;0;888349.953710859;888349.953710859;1589166.10545889;1.78889648028972;0.0397968192249999;19.4902910112586;0.60591454130859;0;889115.142367723;889115.142367723;1970816.92683989;2.21660483881939;0;12.1510305969114;0.465269995739648
2003-02-09;0;1364174.1827578;1383126.35494622;2433033.83028448;1.75908283547897;0.05;24.4022597228353;0.981145800572447;0;1163763.9383139;1163763.9383139;2237637.4468406;1.92275888019229;0.0336288840958281;18.1042390961838;0.910507641679911;0;837011.182751438;837011.182751438;1737116.0864715;2.07537978257498;0;12.1079924256875;0.473019006093268
2003-02-16;0;1447338.15714917;1416710.82833512;2337309.99325173;1.64981444801863;0.0449428309194317;21.2029387551699;0.979134093999488;0;1182444.59599065;1182444.59599065;2037144.6396613;1.72282460131214;0.0244292439096337;16.3676288716141;0.893359844452523;0;855465.6652692;855465.6652692;1639114.768765;1.91604974379562;0;12.0682080934414;0.472321976701685
2003-02-23;0;1390336.68470512;1283216.67955385;2127370.26817551;1.65784181430307;0.0320898027044851;18.238085755629;0.939568288313757;0;1107400.10701048;1107400.10701048;2200417.6116819;1.98701228016143;0.01696254813651;15.1871962252444;0.771122893356519;0;879301.734751058;879301.734751058;1733698.14101361;1.97167601574725;0;12.0232125719114;0.473494083314542
2003-03-02;0;1248783.98897338;1286216.38085864;1977937.98694582;1.5377956744925;0.0176733370871605;15.6238604386054;0.853028939241965;0;1071063.27641829;1071063.27641829;2028728.70023266;1.89412590731041;0.0112576331010157;14.395799705073;0.727994819963292;0;838035.800817888;838035.800817888;1705919.80641417;2.03561686117618;0;11.9759487187775;0.467943329182591
2003-03-09;0;1137067.70692622;1103540.02004298;2035152.42680605;1.84420355387454;0.0063344366221355;13.9754279621433;0.760776101231384;0;949504.624509018;949504.624509018;1920726.62542119;2.02287232293827;0.0036429623871202;13.4601871286094;0.655504906693893;0;895445.421109259;895445.421109259;1855792.20942895;2.07247942273247;0;11.9375272169799;0.44799179117175
2003-03-16;0;1118751.94168637;998364.593958869;2049843.28633596;2.05320110382481;0;13.0270184634099;0.68108917194297;0;866572.474813444;866572.474813444;1666023.13959519;1.92254333944066;0.000284879915213959;13.0874933109844;0.596937843283573;0;936248.030670834;936248.030670834;1807301.80879718;1.93036647297642;0;11.9069046909429;0.440653996409968
2003-03-23;0;1039030.16226906;996804.426668528;1802144.65017251;1.80792199749308;0.00113515772647746;13.1994348244703;0.65548999932291;0;836632.103274723;836632.103274723;1727475.05684924;2.06479652177773;0;12.8625557489778;0.570817910996441;0;901371.161123353;901371.161123353;1678740.46539755;1.86242974903411;0;11.8990781753633;0.453523552575626
2003-03-30;0;936883.721039308;1007123.65698577;1894498.77452203;1.88109847423512;0;12.5490108396907;0.646566116889559;0;834501.817099268;834501.817099268;1554890.19191063;1.86325560957487;0.000318047154979604;13.1008682823748;0.546220632503744;0;929942.332149582;929942.332149582;1683052.0771625;1.80984564201103;0;11.8888873281956;0.438130027187305
2003-04-06;0;925894.612645988;956941.203277597;1977681.54176487;2.06666985912108;0;11.8307733772557;0.601290606223533;0;786893.092658;786893.092658;1525738.0631664;1.93893945365907;0;12.9319581100776;0.480677544185881;0;954903.473047971;954903.473047971;1933348.48190332;2.02465331467717;0;11.8751669412134;0.437592212016992
2003-04-13;0;889657.930316102;938379.118276438;1667718.4559579;1.77723312835549;0;11.8135007844223;0.577870222550851;0;798120.560070245;798120.560070245;1683828.23488877;2.10974170962414;0.00382749009007615;13.5060280166769;0.476949882342529;0;971008.598594421;971008.598594421;2037032.22474958;2.09785189101134;0;11.8710043673856;0.454380718550913
2003-04-20;0;963068.348786506;920882.26123234;1658735.38821454;1.80124588999552;0;11.5795701169468;0.578210637446392;0;795365.114634496;795365.114634496;1495176.16610913;1.87986138516551;0.00125578974257567;13.2184340065229;0.454112339188431;0;848400.39535784;848400.39535784;1862798.88506981;2.19566008604242;0;11.8554789541051;0.462166901827148
2003-04-27;0;849434.570668236;978796.842260614;1634987.32531765;1.67040519005099;0;11.096474817227;0.571303872230021;0;768919.391899404;768919.391899404;1509078.36182633;1.96259631077657;0;13.0822226137773;0.431390623137865;0;911347.766567434;911347.766567434;1713246.07567914;1.87990374095285;0;11.8264095839719;0.442438717295243
2003-05-04;0;931901.098015739;954595.809957592;1475006.56849014;1.54516346405885;0;10.718963163492;0.568528185757111;0;732452.511108885;732452.511108885;1327004.91874176;1.81172826717839;0;12.966715636389;0.404617631141365;0;911998.889649514;911998.889649514;1944640.36798177;2.13228370127633;0;11.8075216219549;0.464051955339002
2003-05-11;0;976942.375353304;935156.752583593;1863214.64774207;1.99240891176211;0;10.3260793956461;0.576281486449461;0;726508.48535401;726508.48535401;1376490.51840418;1.89466543908769;0;12.7237031914094;0.382066108014584;0;888869.353921183;888869.353921183;1764529.37843735;1.98513917782546;0;11.7892596123134;0.463445844121141
2003-05-18;0;1024050.10426461;1079058.90076458;1816273.76687443;1.6832016913882;0;9.84835600972544;0.586901459766914;0;634646.667116218;634646.667116218;1272265.82229906;2.00468368971373;0;12.438176888114;0.409986482351847;0;923792.729532613;923792.729532613;1872847.11363868;2.0273455871278;0;11.7470852005085;0.453636991575123
2003-05-25;0;1036553.84274295;1071952.5131353;2143760.72921535;1.99986538857507;0;9.40879549884398;0.571740573622918;0;647991.094924853;647991.094924853;1185885.75965411;1.83009576665808;0;12.16835579359;0.401681006679902;0;986599.285089826;986599.285089826;1989503.31803214;2.01652621089321;0;11.7125713656859;0.450669640195735
2003-06-01;0;1077977.40296944;1028826.74523569;1910016.412133;1.85649957194244;0;8.99743899915089;0.537889464693919;0;592280.670275151;592280.670275151;1086656.73434453;1.83469896770346;0;11.901495876968;0.336170584816018;0;939230.897725228;939230.897725228;1897748.72276297;2.02053480923511;0;11.6797527461607;0.428798584469261
